harvest,inside_slash,inside_fence,plot,species,basal_area,ground_cov_pct,sub_cov_pct,canopy_cov_pct,tag,ht,year
gas_line,no,yes,3087,ro,10,20,1,60,12147,12.25,2018
gas_line,no,yes,3087,sm,10,20,1,60,12155,5.25,2018
gas_line,no,yes,3087,ro,10,20,1,60,12145,9.5,2018
gas_line,no,yes,3087,sm,10,20,1,60,12153,4,2018
gas_line,no,yes,3087,ro,10,20,1,60,12146,4.75,2018
gas_line,no,yes,3087,ro,10,20,1,60,12149,6.5,2018
gas_line,no,yes,3087,sm,10,20,1,60,12152,4.5,2018
gas_line,no,yes,3087,sm,10,20,1,60,12151,5,2018
gas_line,no,yes,3087,sm,10,20,1,60,12150,9.5,2018
gas_line,no,yes,3087,sm,10,20,1,60,12240,5.25,2018
gas_line,no,yes,3087,sm,10,20,1,60,12241,4.25,2018
gas_line,no,yes,3087,sm,10,20,1,60,12242,3,2018
gas_line,no,yes,3087,ro,10,20,1,60,12148,5.75,2018
gas_line,no,yes,3087,sm,10,20,1,60,12154,7,2018
gas_line,no,yes,3088,ro,20,85,0,5,12167,16,2018
gas_line,no,yes,3088,ro,20,85,0,5,12166,7.25,2018
gas_line,no,yes,3088,ro,20,85,0,5,12168,8.75,2018
gas_line,no,yes,3088,ro,20,85,0,5,12170,5.75,2018
gas_line,no,yes,3088,ro,20,85,0,5,12169,8,2018
gas_line,no,yes,3088,sm,20,85,0,5,12175,4.5,2018
gas_line,no,yes,3088,sm,20,85,0,5,12173,5.25,2018
gas_line,no,yes,3088,sm,20,85,0,5,12174,3.75,2018
gas_line,no,yes,3088,sm,20,85,0,5,12172,2.75,2018
gas_line,no,yes,3088,sm,20,85,0,5,12171,2.75,2018
gas_line,no,yes,3089,ro,20,30,0,10,12188,5.5,2018
gas_line,no,yes,3089,sm,20,30,0,10,12190,3.5,2018
gas_line,no,yes,3089,sm,20,30,0,10,12191,4.25,2018
gas_line,no,yes,3089,sm,20,30,0,10,12189,4.75,2018
gas_line,no,yes,3089,sm,20,30,0,10,12185,4.5,2018
gas_line,no,yes,3089,ro,20,30,0,10,12187,4,2018
gas_line,no,yes,3089,sm,20,30,0,10,12184,4,2018
gas_line,no,yes,3089,ro,20,30,0,10,12186 Now 12380 in 2020,4,2018
gas_line,no,yes,3090,sm,50,20,0,25,12219,3.25,2018
gas_line,no,yes,3090,ro,50,20,0,25,12215,9,2018
gas_line,no,yes,3090,ro,50,20,0,25,12214,5.5,2018
gas_line,no,yes,3090,ro,50,20,0,25,12212,6.25,2018
gas_line,no,yes,3090,ro,50,20,0,25,12213,5.75,2018
gas_line,no,yes,3090,ro,50,20,0,25,12216,5,2018
gas_line,no,yes,3090,ro,50,20,0,25,12217,4,2018
gas_line,no,yes,3090,sm,50,20,0,25,12218,6.5,2018
gas_line,no,yes,3091,sm,60,20,0,80,12222,3,2018
gas_line,no,yes,3091,ro,60,20,0,80,12226,3,2018
gas_line,no,yes,3091,sm,60,20,0,80,12223,5.25,2018
gas_line,no,yes,3091,sm,60,20,0,80,12220,4.5,2018
gas_line,no,yes,3091,sm,60,20,0,80,12221,4.75,2018
gas_line,no,yes,3091,sm,60,20,0,80,12224,3,2018
gas_line,no,yes,3091,sm,60,20,0,80,12225,3,2018
gas_line,no,no,3092,ro,40,30,0,80,12160,17.75,2018
gas_line,no,no,3092,ro,40,30,0,80,12157,15.75,2018
gas_line,no,no,3092,ro,40,30,0,80,12158,11.75,2018
gas_line,no,no,3092,ro,40,30,0,80,12161,16.5,2018
gas_line,no,no,3092,ro,40,30,0,80,12159,14.5,2018
gas_line,no,no,3092,ro,40,30,0,80,12156,10.5,2018
gas_line,no,no,3092,sm,40,30,0,80,12165,5,2018
gas_line,no,no,3092,sm,40,30,0,80,12162,7,2018
gas_line,no,no,3092,sm,40,30,0,80,12163,5.75,2018
gas_line,no,no,3092,sm,40,30,0,80,12164,5,2018
gas_line,no,no,3093,ro,10,60,0,30,12176,9.5,2018
gas_line,no,no,3093,ro,10,60,0,30,12180,23.25,2018
gas_line,no,no,3093,ro,10,60,0,30,12177,14.25,2018
gas_line,no,no,3093,ro,10,60,0,30,12179,18,2018
gas_line,no,no,3093,ro,10,60,0,30,12178,14.25,2018
gas_line,no,no,3093,sm,10,60,0,30,12183,4,2018
gas_line,no,no,3093,sm,10,60,0,30,12181,7.75,2018
gas_line,no,no,3093,sm,10,60,0,30,12182,7.5,2018
gas_line,no,no,3094,ro,50,45,1,90,12197,4,2018
gas_line,no,no,3094,sm,50,45,1,90,12193,2,2018
gas_line,no,no,3094,sm,50,45,1,90,12195,3.75,2018
gas_line,no,no,3094,sm,50,45,1,90,12194,3,2018
gas_line,no,no,3094,sm,50,45,1,90,12192,4.75,2018
gas_line,no,no,3094,ro,50,45,1,90,12199,3.5,2018
gas_line,no,no,3094,sm,50,45,1,90,12196,7.25,2018
gas_line,no,no,3094,ro,50,45,1,90,12198,3.5,2018
gas_line,no,no,3094,ro,50,45,1,90,12200,3.75,2018
gas_line,no,no,3095,ro,50,80,0,0,12206,21,2018
gas_line,no,no,3095,ro,50,80,0,0,12201,21.5,2018
gas_line,no,no,3095,ro,50,80,0,0,12202,10.25,2018
gas_line,no,no,3095,ro,50,80,0,0,12204,8.25,2018
gas_line,no,no,3095,ro,50,80,0,0,12205,10.25,2018
gas_line,no,no,3095,sm,50,80,0,0,12210,10,2018
gas_line,no,no,3095,ro,50,80,0,0,12203,8.5,2018
gas_line,no,no,3095,sm,50,80,0,0,12211,9.5,2018
gas_line,no,no,3095,sm,50,80,0,0,12208,8.5,2018
gas_line,no,no,3095,sm,50,80,0,0,12209,3.75,2018
gas_line,no,no,3095,sm,50,80,0,0,12207,5,2018
gas_line,no,no,3096,sm,70,12,0,30,12227,3.75,2018
gas_line,no,no,3096,sm,70,12,0,30,12233,5.5,2018
gas_line,no,no,3096,ro,70,12,0,30,12234,7,2018
gas_line,no,no,3096,sm,70,12,0,30,12229,5,2018
gas_line,no,no,3096,ro,70,12,0,30,12236,6,2018
gas_line,no,no,3096,ro,70,12,0,30,12235,5.5,2018
gas_line,no,no,3096,ro,70,12,0,30,12238,5.65,2018
gas_line,no,no,3096,sm,70,12,0,30,12231,4.25,2018
gas_line,no,no,3096,ro,70,12,0,30,12239,6,2018
gas_line,no,no,3096,sm,70,12,0,30,12232,3.25,2018
gas_line,no,no,3096,ro,70,12,0,30,12237,4.25,2018
gas_line,no,no,3096,sm,70,12,0,30,12228,4.5,2018
gas_line,no,no,3096,sm,70,12,0,30,12230,4.5,2018
gas_line,yes,yes,3101,sm,0,100,0,0,3665,19.25,2018
gas_line,yes,yes,3101,sm,0,100,0,0,3663,13,2018
gas_line,yes,yes,3101,bc,0,100,0,0,3669,23.25,2018
gas_line,yes,yes,3101,bc,0,100,0,0,3668,19.75,2018
gas_line,yes,yes,3101,bc,0,100,0,0,3666,20.5,2018
gas_line,yes,yes,3101,bc,0,100,0,0,3671,19,2018
gas_line,yes,yes,3101,sm,0,100,0,0,3660,11.5,2018
gas_line,yes,yes,3101,bc,0,100,0,0,3667,20.75,2018
gas_line,yes,yes,3101,bc,0,100,0,0,3670,24.75,2018
gas_line,yes,yes,3101,bc,0,100,0,0,3672,23.5,2018
gas_line,yes,yes,3101,sm,0,100,0,0,3661,15,2018
gas_line,yes,yes,3101,sm,0,100,0,0,3659,13.75,2018
gas_line,yes,yes,3101,sm,0,100,0,0,3662,13.75,2018
gas_line,yes,yes,3101,sm,0,100,0,0,3664,13.75,2018
gas_line,yes,yes,3101,sm,0,100,0,0,3658,9.75,2018
gas_line,yes,yes,3102,sm,0,85,0,0,3693,17.75,2018
gas_line,yes,yes,3102,bc,0,85,0,0,3698,20,2018
gas_line,yes,yes,3102,bc,0,85,0,0,3696,21.75,2018
gas_line,yes,yes,3102,bc,0,85,0,0,3699,16.5,2018
gas_line,yes,yes,3102,bc,0,85,0,0,3700,15.25,2018
gas_line,yes,yes,3102,bc,0,85,0,0,3701,16.5,2018
gas_line,yes,yes,3102,sm,0,85,0,0,3691,19,2018
gas_line,yes,yes,3102,sm,0,85,0,0,3690,11,2018
gas_line,yes,yes,3102,bc,0,85,0,0,3697,14.5,2018
gas_line,yes,yes,3102,sm,0,85,0,0,3689,10.75,2018
gas_line,yes,yes,3102,bc,0,85,0,0,3702,13.25,2018
gas_line,yes,yes,3102,sm,0,85,0,0,3692,13.25,2018
gas_line,yes,yes,3102,sm,0,85,0,0,3694,8.75,2018
gas_line,yes,yes,3102,sm,0,85,0,0,3695,8.1,2018
gas_line,yes,yes,3103,bc,20,80,0,0,3729,27.5,2018
gas_line,yes,yes,3103,bc,20,80,0,0,3726,32.5,2018
gas_line,yes,yes,3103,bc,20,80,0,0,3732,26.5,2018
gas_line,yes,yes,3103,bc,20,80,0,0,3731,14.75,2018
gas_line,yes,yes,3103,bc,20,80,0,0,3730,21.75,2018
gas_line,yes,yes,3103,sm,20,80,0,0,3723,12,2018
gas_line,yes,yes,3103,sm,20,80,0,0,3720,12,2018
gas_line,yes,yes,3103,sm,20,80,0,0,3722,14,2018
gas_line,yes,yes,3103,sm,20,80,0,0,3721,8,2018
gas_line,yes,yes,3103,bc,20,80,0,0,3727,13.5,2018
gas_line,yes,yes,3103,bc,20,80,0,0,3728,12,2018
gas_line,yes,yes,3103,sm,20,80,0,0,3719,10,2018
gas_line,yes,yes,3103,sm,20,80,0,0,3725,11.75,2018
gas_line,yes,yes,3103,sm,20,80,0,0,3724,8,2018
gas_line,yes,yes,3104,bc,20,75,0,1,3756,24.5,2018
gas_line,yes,yes,3104,bc,20,75,0,1,3757,21.75,2018
gas_line,yes,yes,3104,bc,20,75,0,1,3754,15,2018
gas_line,yes,yes,3104,bc,20,75,0,1,3755,10.5,2018
gas_line,yes,yes,3104,bc,20,75,0,1,3758,16.5,2018
gas_line,yes,yes,3104,sm,20,75,0,1,3750,10,2018
gas_line,yes,yes,3104,sm,20,75,0,1,3749,12,2018
gas_line,yes,yes,3104,sm,20,75,0,1,3751,11.25,2018
gas_line,yes,yes,3104,sm,20,75,0,1,3752,13.5,2018
gas_line,yes,yes,3104,sm,20,75,0,1,3753,9.75,2018
gas_line,yes,yes,3104,sm,20,75,0,1,3748,7,2018
gas_line,yes,no,3105,bc,0,100,0,0,3684,17.25,2018
gas_line,yes,no,3105,bc,0,100,0,0,3683,19.5,2018
gas_line,yes,no,3105,bc,0,100,0,0,3686,26,2018
gas_line,yes,no,3105,sm,0,100,0,0,3679,20,2018
gas_line,yes,no,3105,sm,0,100,0,0,3677,11,2018
gas_line,yes,no,3105,bc,0,100,0,0,3687,25.25,2018
gas_line,yes,no,3105,bc,0,100,0,0,3688,27.75,2018
gas_line,yes,no,3105,sm,0,100,0,0,3678,21.25,2018
gas_line,yes,no,3105,bc,0,100,0,0,3685,28,2018
gas_line,yes,no,3105,bc,0,100,0,0,3682,16.5,2018
gas_line,yes,no,3105,sm,0,100,0,0,3673,13,2018
gas_line,yes,no,3105,sm,0,100,0,0,3680,15.25,2018
gas_line,yes,no,3105,sm,0,100,0,0,3676,10.5,2018
gas_line,yes,no,3105,sm,0,100,0,0,3675,11,2018
gas_line,yes,no,3105,bc,0,100,0,0,3681,18.25,2018
gas_line,yes,no,3105,sm,0,100,0,0,3674,10.5,2018
gas_line,yes,no,3106,sm,0,100,0,0,3705,8,2018
gas_line,yes,no,3106,bc,0,100,0,0,3715,30.25,2018
gas_line,yes,no,3106,bc,0,100,0,0,3710,31,2018
gas_line,yes,no,3106,bc,0,100,0,0,3713,32,2018
gas_line,yes,no,3106,bc,0,100,0,0,3716,25,2018
gas_line,yes,no,3106,bc,0,100,0,0,3711,27,2018
gas_line,yes,no,3106,bc,0,100,0,0,3714,23.25,2018
gas_line,yes,no,3106,bc,0,100,0,0,3717,28.5,2018
gas_line,yes,no,3106,bc,0,100,0,0,3712,20.25,2018
gas_line,yes,no,3106,sm,0,100,0,0,3708,11,2018
gas_line,yes,no,3106,bc,0,100,0,0,3718,21.25,2018
gas_line,yes,no,3106,sm,0,100,0,0,3707,11.5,2018
gas_line,yes,no,3106,sm,0,100,0,0,3706,6,2018
gas_line,yes,no,3106,sm,0,100,0,0,3709,11,2018
gas_line,yes,no,3106,sm,0,100,0,0,3704,6.75,2018
gas_line,yes,no,3106,sm,0,100,0,0,3703,7.75,2018
gas_line,yes,no,3107,sm,10,80,0,15,3733,7,2018
gas_line,yes,no,3107,bc,10,80,0,15,3744,29.25,2018
gas_line,yes,no,3107,bc,10,80,0,15,3741,30.5,2018
gas_line,yes,no,3107,bc,10,80,0,15,3743,33,2018
gas_line,yes,no,3107,bc,10,80,0,15,3745,29,2018
gas_line,yes,no,3107,bc,10,80,0,15,3746,25,2018
gas_line,yes,no,3107,bc,10,80,0,15,3742,30,2018
gas_line,yes,no,3107,bc,10,80,0,15,3747,23.5,2018
gas_line,yes,no,3107,bc,10,80,0,15,3740,19.25,2018
gas_line,yes,no,3107,sm,10,80,0,15,3735,9.75,2018
gas_line,yes,no,3107,sm,10,80,0,15,3734,7.5,2018
gas_line,yes,no,3107,sm,10,80,0,15,3739,8,2018
gas_line,yes,no,3107,sm,10,80,0,15,3738,8,2018
gas_line,yes,no,3107,sm,10,80,0,15,3737,8.25,2018
gas_line,yes,no,3107,sm,10,80,0,15,3736,7.5,2018
gas_line,yes,no,3108,bc,10,95,0,40,3766,33,2018
gas_line,yes,no,3108,bc,10,95,0,40,3765,19.5,2018
gas_line,yes,no,3108,sm,10,95,0,40,3763,14.5,2018
gas_line,yes,no,3108,sm,10,95,0,40,3761,17.5,2018
gas_line,yes,no,3108,sm,10,95,0,40,3760,13.5,2018
gas_line,yes,no,3108,sm,10,95,0,40,3764,8,2018
gas_line,yes,no,3108,sm,10,95,0,40,3762,10.75,2018
gas_line,yes,no,3108,sm,10,95,0,40,3759,10.75,2018
gas_line,yes,no,3108,bc,10,95,0,40,3767,6.5,2018
gas_line,yes,yes,3109,sm,10,75,0,0,3768,15.75,2018
gas_line,yes,yes,3109,sm,10,75,0,0,3772,8.75,2018
gas_line,yes,yes,3109,sm,10,75,0,0,3769,9,2018
gas_line,yes,yes,3109,sm,10,75,0,0,3773,15.25,2018
gas_line,yes,yes,3109,sm,10,75,0,0,3771,8.5,2018
gas_line,yes,yes,3109,sm,10,75,0,0,3770,9,2018
gas_line,yes,yes,3110,sm,10,100,0,0,3780,8,2018
gas_line,yes,yes,3110,sm,10,100,0,0,3785,8,2018
gas_line,yes,yes,3110,sm,10,100,0,0,3783,11.25,2018
gas_line,yes,yes,3110,sm,10,100,0,0,3781,7.25,2018
gas_line,yes,yes,3110,sm,10,100,0,0,3782,10.75,2018
gas_line,yes,yes,3110,sm,10,100,0,0,3784,7.75,2018
gas_line,yes,yes,3111,sm,0,90,0,0,3794,17.5,2018
gas_line,yes,yes,3111,sm,0,90,0,0,3795,14.75,2018
gas_line,yes,yes,3111,sm,0,90,0,0,3793,12.25,2018
gas_line,yes,yes,3111,sm,0,90,0,0,3797,13,2018
gas_line,yes,yes,3111,sm,0,90,0,0,3792,14,2018
gas_line,yes,yes,3111,sm,0,90,0,0,3796,9.5,2018
gas_line,yes,yes,3112,sm,10,80,1,10,3811,15.5,2018
gas_line,yes,yes,3112,sm,10,80,1,10,3806,17.75,2018
gas_line,yes,yes,3112,sm,10,80,1,10,3809,11.75,2018
gas_line,yes,yes,3112,sm,10,80,1,10,3807,14,2018
gas_line,yes,yes,3112,sm,10,80,1,10,3804,10.5,2018
gas_line,yes,yes,3112,sm,10,80,1,10,3805,8,2018
gas_line,yes,yes,3112,sm,10,80,1,10,3810,6,2018
gas_line,yes,yes,3112,sm,10,80,1,10,3808,8.75,2018
gas_line,yes,yes,3113,sm,10,75,2,5,3821,13.25,2018
gas_line,yes,yes,3113,sm,10,75,2,5,3820,9,2018
gas_line,yes,yes,3113,sm,10,75,2,5,3823,11.5,2018
gas_line,yes,yes,3113,sm,10,75,2,5,3825,6,2018
gas_line,yes,yes,3113,sm,10,75,2,5,3822,6.25,2018
gas_line,yes,yes,3113,sm,10,75,2,5,3824,4.75,2018
gas_line,yes,no,3114,sm,0,100,2,0,3774,22.75,2018
gas_line,yes,no,3114,sm,0,100,2,0,3775,12.5,2018
gas_line,yes,no,3114,sm,0,100,2,0,3778,11,2018
gas_line,yes,no,3114,sm,0,100,2,0,3777,7.25,2018
gas_line,yes,no,3114,sm,0,100,2,0,3776,7,2018
gas_line,yes,no,3114,sm,0,100,2,0,3779,6.75,2018
gas_line,yes,no,3115,sm,10,95,0,0,3788,8,2018
gas_line,yes,no,3115,sm,10,95,0,0,3791,13,2018
gas_line,yes,no,3115,sm,10,95,0,0,3787,5.5,2018
gas_line,yes,no,3115,sm,10,95,0,0,3790,6,2018
gas_line,yes,no,3115,sm,10,95,0,0,3786,9.25,2018
gas_line,yes,no,3115,sm,10,95,0,0,3789,6.5,2018
gas_line,yes,no,3116,sm,10,90,2,0,3802,8.5,2018
gas_line,yes,no,3116,sm,10,90,2,0,3799,8.5,2018
gas_line,yes,no,3116,sm,10,90,2,0,3801,7,2018
gas_line,yes,no,3116,sm,10,90,2,0,3803,13.25,2018
gas_line,yes,no,3116,sm,10,90,2,0,3800,9,2018
gas_line,yes,no,3116,sm,10,90,2,0,3798,9.75,2018
gas_line,yes,no,3117,sm,20,100,0,15,3815,14,2018
gas_line,yes,no,3117,sm,20,100,0,15,3812,15.5,2018
gas_line,yes,no,3117,sm,20,100,0,15,3816,7.5,2018
gas_line,yes,no,3117,sm,20,100,0,15,3818,12.75,2018
gas_line,yes,no,3117,sm,20,100,0,15,3814,10,2018
gas_line,yes,no,3117,sm,20,100,0,15,3813,17.254,2018
gas_line,yes,no,3117,sm,20,100,0,15,3817,9.5,2018
gas_line,yes,no,3117,sm,20,100,0,15,3819,5.25,2018
gas_line,yes,no,3118,sm,10,80,0,0,3828,4,2018
gas_line,yes,no,3118,sm,10,80,0,0,3827,5.25,2018
gas_line,yes,no,3118,sm,10,80,0,0,3831,6.75,2018
gas_line,yes,no,3118,sm,10,80,0,0,3830,7.75,2018
gas_line,yes,no,3118,sm,10,80,0,0,3829,6,2018
gas_line,yes,no,3118,sm,10,80,0,0,3826,8.5,2018
gas_line,yes,yes,3119,ro,0,70,0,0,3835,26,2018
gas_line,yes,yes,3119,ro,0,70,0,0,3833,18.5,2018
gas_line,yes,yes,3119,ro,0,70,0,0,3836,16,2018
gas_line,yes,yes,3119,ro,0,70,0,0,3834,18.25,2018
gas_line,yes,yes,3119,ro,0,70,0,0,3832,21,2018
gas_line,yes,yes,3119,ro,0,70,0,0,3837,16.5,2018
gas_line,yes,yes,3120,ro,0,100,0,0,3848,13.25,2018
gas_line,yes,yes,3120,ro,0,100,0,0,3849,12,2018
gas_line,yes,yes,3120,ro,0,100,0,0,3850,10.75,2018
gas_line,yes,yes,3120,ro,0,100,0,0,3846,17.5,2018
gas_line,yes,yes,3120,ro,0,100,0,0,3844,10.75,2018
gas_line,yes,yes,3120,ro,0,100,0,0,3847,14,2018
gas_line,yes,yes,3121,ro,0,50,0,0,3859,24.5,2018
gas_line,yes,yes,3121,ro,0,50,0,0,3862,23.5,2018
gas_line,yes,yes,3121,ro,0,50,0,0,3857,31,2018
gas_line,yes,yes,3121,ro,0,50,0,0,3861,28.75,2018
gas_line,yes,yes,3121,ro,0,50,0,0,3858,15,2018
gas_line,yes,yes,3121,ro,0,50,0,0,3860,16.5,2018
gas_line,yes,yes,3122,ro,10,30,0,1,3871,19,2018
gas_line,yes,yes,3122,ro,10,30,0,1,3872,17.5,2018
gas_line,yes,yes,3122,ro,10,30,0,1,3869,19,2018
gas_line,yes,yes,3122,ro,10,30,0,1,3873,19.5,2018
gas_line,yes,yes,3122,ro,10,30,0,1,3874,16.5,2018
gas_line,yes,yes,3122,ro,10,30,0,1,3870,9.25,2018
gas_line,yes,yes,3123,ro,0,100,0,0,3885,15,2018
gas_line,yes,yes,3123,ro,0,100,0,0,3886,11.5,2018
gas_line,yes,yes,3123,ro,0,100,0,0,3883,9,2018
gas_line,yes,yes,3123,ro,0,100,0,0,3881,8.5,2018
gas_line,yes,yes,3123,ro,0,100,0,0,3884,17.2,2018
gas_line,yes,yes,3123,ro,0,100,0,0,3882,17,2018
gas_line,yes,no,3124,ro,0,80,0,0,3841,26,2018
gas_line,yes,no,3124,ro,0,80,0,0,3838,23.75,2018
gas_line,yes,no,3124,ro,0,80,0,0,3843,17.25,2018
gas_line,yes,no,3124,ro,0,80,0,0,3839,22,2018
gas_line,yes,no,3124,ro,0,80,0,0,3840,10.75,2018
gas_line,yes,no,3124,ro,0,80,0,0,3842,13.75,2018
gas_line,yes,no,3125,ro,0,95,0,0,3855,17.5,2018
gas_line,yes,no,3125,ro,0,95,0,0,3856,14,2018
gas_line,yes,no,3125,ro,0,95,0,0,3852,11.25,2018
gas_line,yes,no,3125,ro,0,95,0,0,3854,15.5,2018
gas_line,yes,no,3125,ro,0,95,0,0,3851,11.5,2018
gas_line,yes,no,3125,ro,0,95,0,0,3853,16.75,2018
gas_line,yes,no,3126,ro,0,55.00000000000001,0,0,3864,31.25,2018
gas_line,yes,no,3126,ro,0,55.00000000000001,0,0,3867,25,2018
gas_line,yes,no,3126,ro,0,55.00000000000001,0,0,3863,25.25,2018
gas_line,yes,no,3126,ro,0,55.00000000000001,0,0,3865,16.5,2018
gas_line,yes,no,3126,ro,0,55.00000000000001,0,0,3868,18.5,2018
gas_line,yes,no,3126,ro,0,55.00000000000001,0,0,3866,14,2018
gas_line,yes,no,3127,ro,10,25,1,10,3875,29.75,2018
gas_line,yes,no,3127,ro,10,25,1,10,3878,14.5,2018
gas_line,yes,no,3127,ro,10,25,1,10,3879,18.25,2018
gas_line,yes,no,3127,ro,10,25,1,10,3877,16.5,2018
gas_line,yes,no,3127,ro,10,25,1,10,3876,16.75,2018
gas_line,yes,no,3127,ro,10,25,1,10,3880,13.5,2018
gas_line,yes,no,3128,ro,0,95,0,0,3892,29,2018
gas_line,yes,no,3128,ro,0,95,0,0,3888,20.5,2018
gas_line,yes,no,3128,ro,0,95,0,0,3889,19.25,2018
gas_line,yes,no,3128,ro,0,95,0,0,3887,20.75,2018
gas_line,yes,no,3128,ro,0,95,0,0,3891,11.75,2018
gas_line,yes,no,3128,ro,0,95,0,0,3890,13,2018
gas_line,yes,yes,3129,ro,0,100,0,0,3897,27,2018
gas_line,yes,yes,3129,ro,0,100,0,0,3894,19.75,2018
gas_line,yes,yes,3129,ro,0,100,0,0,3896,15.27,2018
gas_line,yes,yes,3129,ro,0,100,0,0,3893,16,2018
gas_line,yes,yes,3129,ro,0,100,0,0,3898,21,2018
gas_line,yes,yes,3129,ro,0,100,0,0,3895,14.25,2018
gas_line,yes,yes,3130,ro,20,35,0,20,3906,15,2018
gas_line,yes,yes,3130,ro,20,35,0,20,3908,8.25,2018
gas_line,yes,yes,3130,ro,20,35,0,20,3910,5.25,2018
gas_line,yes,yes,3130,ro,20,35,0,20,3907,5.5,2018
gas_line,yes,yes,3130,ro,20,35,0,20,3909,6,2018
gas_line,yes,yes,3130,ro,20,35,0,20,3905,6,2018
gas_line,yes,yes,3131,ro,20,100,0,0,3918,37.5,2018
gas_line,yes,yes,3131,ro,20,100,0,0,3917,24.5,2018
gas_line,yes,yes,3131,ro,20,100,0,0,3922,21.5,2018
gas_line,yes,yes,3131,ro,20,100,0,0,3920,17.5,2018
gas_line,yes,yes,3131,ro,20,100,0,0,3921,14.75,2018
gas_line,yes,yes,3131,ro,20,100,0,0,3919,17.25,2018
gas_line,yes,yes,3132,ro,20,90,0,0,3933,13.75,2018
gas_line,yes,yes,3132,ro,20,90,0,0,3929,13.25,2018
gas_line,yes,yes,3132,ro,20,90,0,0,3932,13.75,2018
gas_line,yes,yes,3132,ro,20,90,0,0,3930,7.75,2018
gas_line,yes,yes,3132,ro,20,90,0,0,3931,7.5,2018
gas_line,yes,yes,3133,ro,20,80,0,5,3944,10.5,2018
gas_line,yes,yes,3133,ro,20,80,0,5,3939,8.5,2018
gas_line,yes,yes,3133,ro,20,80,0,5,3942,7,2018
gas_line,yes,yes,3133,ro,20,80,0,5,3941,5.5,2018
gas_line,yes,yes,3133,ro,20,80,0,5,3943,8,2018
gas_line,yes,yes,3133,ro,20,80,0,5,3940,6.25,2018
gas_line,yes,no,3134,ro,0,100,0,0,3904,31.75,2018
gas_line,yes,no,3134,ro,0,100,0,0,3900,30.75,2018
gas_line,yes,no,3134,ro,0,100,0,0,3903,30,2018
gas_line,yes,no,3134,ro,0,100,0,0,3902,16,2018
gas_line,yes,no,3134,ro,0,100,0,0,3899,13.5,2018
gas_line,yes,no,3134,ro,0,100,0,0,3901,14,2018
gas_line,yes,no,3135,ro,10,65,0,20,3912,15,2018
gas_line,yes,no,3135,ro,10,65,0,20,3913,11.5,2018
gas_line,yes,no,3135,ro,10,65,0,20,3915,5,2018
gas_line,yes,no,3135,ro,10,65,0,20,3914,10,2018
gas_line,yes,no,3135,ro,10,65,0,20,3911,5,2018
gas_line,yes,no,3135,ro,10,65,0,20,3916,6.25,2018
gas_line,yes,no,3136,ro,0,100,0,0,3927,30.75,2018
gas_line,yes,no,3136,ro,0,100,0,0,3924,13,2018
gas_line,yes,no,3136,ro,0,100,0,0,3925,8,2018
gas_line,yes,no,3136,ro,0,100,0,0,3928,12.25,2018
gas_line,yes,no,3136,ro,0,100,0,0,3926,10.75,2018
gas_line,yes,no,3136,ro,0,100,0,0,3923,5.5,2018
gas_line,yes,no,3137,ro,20,40,0,30,3936,26.25,2018
gas_line,yes,no,3137,ro,20,40,0,30,3937,8.45,2018
gas_line,yes,no,3137,ro,20,40,0,30,3938,4.75,2018
gas_line,yes,no,3137,ro,20,40,0,30,3934,3.5,2018
gas_line,yes,no,3137,ro,20,40,0,30,3935,3.25,2018
gas_line,yes,no,3138,ro,20,55.00000000000001,0,30,3947,12.75,2018
gas_line,yes,no,3138,ro,20,55.00000000000001,0,30,3945,11.25,2018
gas_line,yes,no,3138,ro,20,55.00000000000001,0,30,3949,10.25,2018
gas_line,yes,no,3138,ro,20,55.00000000000001,0,30,3950,5.25,2018
gas_line,yes,no,3138,ro,20,55.00000000000001,0,30,3946,6,2018
gas_line,yes,no,3138,ro,20,55.00000000000001,0,30,3948,7.75,2018
gas_line,yes,yes,3139,ro,80,10,0,55.00000000000001,3954,11.5,2018
gas_line,yes,yes,3139,ro,80,10,0,55.00000000000001,3955,8,2018
gas_line,yes,yes,3139,ro,80,10,0,55.00000000000001,3953,5.75,2018
gas_line,yes,yes,3139,ro,80,10,0,55.00000000000001,3951,4.75,2018
gas_line,yes,yes,3139,ro,80,10,0,55.00000000000001,3952,4.5,2018
gas_line,yes,yes,3140,ro,10,85,0,0,3964,29.5,2018
gas_line,yes,yes,3140,ro,10,85,0,0,3961,17.75,2018
gas_line,yes,yes,3140,ro,10,85,0,0,3965,23,2018
gas_line,yes,yes,3140,ro,10,85,0,0,3962,29.5,2018
gas_line,yes,yes,3140,ro,10,85,0,0,3963,10.5,2018
gas_line,yes,yes,3141,ro,10,55.00000000000001,0,15,3973,13,2018
gas_line,yes,yes,3141,ro,10,55.00000000000001,0,15,3972,7.25,2018
gas_line,yes,yes,3141,ro,10,55.00000000000001,0,15,3971,22.5,2018
gas_line,yes,yes,3141,ro,10,55.00000000000001,0,15,3975,9,2018
gas_line,yes,yes,3141,ro,10,55.00000000000001,0,15,3974,10.25,2018
gas_line,yes,yes,3142,ro,10,55.00000000000001,0,20,3983,16.5,2018
gas_line,yes,yes,3142,ro,10,55.00000000000001,0,20,3984,15.5,2018
gas_line,yes,yes,3142,ro,10,55.00000000000001,0,20,3985,15.5,2018
gas_line,yes,yes,3142,ro,10,55.00000000000001,0,20,3982,16,2018
gas_line,yes,yes,3142,ro,10,55.00000000000001,0,20,3981,13.25,2018
gas_line,yes,yes,3143,ro,30,35,0,20,3994,8.5,2018
gas_line,yes,yes,3143,ro,30,35,0,20,3991,12.5,2018
gas_line,yes,yes,3143,ro,30,35,0,20,3995,9.5,2018
gas_line,yes,yes,3143,ro,30,35,0,20,3992,6.25,2018
gas_line,yes,yes,3143,ro,30,35,0,20,3993,5.75,2018
gas_line,yes,no,3144,ro,50,40,0,60,3958,9,2018
gas_line,yes,no,3144,ro,50,40,0,60,3956,7,2018
gas_line,yes,no,3144,ro,50,40,0,60,3960,11,2018
gas_line,yes,no,3144,ro,50,40,0,60,3959,5.75,2018
gas_line,yes,no,3144,ro,50,40,0,60,3957,6.25,2018
gas_line,yes,no,3145,ro,10,80,0,0,3968,19.5,2018
gas_line,yes,no,3145,ro,10,80,0,0,3969,15.75,2018
gas_line,yes,no,3145,ro,10,80,0,0,3966,15.75,2018
gas_line,yes,no,3145,ro,10,80,0,0,3970,16,2018
gas_line,yes,no,3145,ro,10,80,0,0,3967,14.25,2018
gas_line,yes,no,3146,ro,10,95,0,15,3979,12.5,2018
gas_line,yes,no,3146,ro,10,95,0,15,3977,15,2018
gas_line,yes,no,3146,ro,10,95,0,15,3980,13.245,2018
gas_line,yes,no,3146,ro,10,95,0,15,3976,8.75,2018
gas_line,yes,no,3146,ro,10,95,0,15,3978,5.5,2018
gas_line,yes,no,3147,ro,10,85,1,15,3989,11.25,2018
gas_line,yes,no,3147,ro,10,85,1,15,3987,16.75,2018
gas_line,yes,no,3147,ro,10,85,1,15,3990,12.5,2018
gas_line,yes,no,3147,ro,10,85,1,15,3986,14.25,2018
gas_line,yes,no,3147,ro,10,85,1,15,3988,5.25,2018
gas_line,yes,no,3148,ro,30,90,0,40,3997,10.25,2018
gas_line,yes,no,3148,ro,30,90,0,40,4000,10,2018
gas_line,yes,no,3148,ro,30,90,0,40,3998,10,2018
gas_line,yes,no,3148,ro,30,90,0,40,3996,8,2018
gas_line,yes,no,3148,ro,30,90,0,40,3999,6.25,2018
sta_rd,no,yes,274,sm,80,99,0,95,12266,4.25,2019
sta_rd,no,yes,274,sm,80,99,0,95,12267,3.5,2019
sta_rd,no,yes,274,ro,80,99,0,95,12268,11,2019
sta_rd,no,yes,274,sm,80,99,0,95,12261,7.5,2019
sta_rd,no,yes,274,sm,80,99,0,95,12264,7.25,2019
sta_rd,no,yes,274,sm,80,99,0,95,12263,5.5,2019
sta_rd,no,yes,274,sm,80,99,0,95,12262,4,2019
sta_rd,no,no,275,sm,65,85,0,65,12272,5.5,2019
sta_rd,no,no,275,sm,65,85,0,65,12271,4.75,2019
sta_rd,no,no,275,sm,65,85,0,65,12274,4.5,2019
sta_rd,no,no,275,sm,65,85,0,65,12269,6,2019
sta_rd,no,no,275,sm,65,85,0,65,12273,4.5,2019
sta_rd,no,no,275,sm,65,85,0,65,12270,4,2019
sta_rd,no,yes,276,sm,60,100,0,35,12275,6.75,2019
sta_rd,no,yes,276,sm,60,100,0,35,12278,6,2019
sta_rd,no,yes,276,sm,60,100,0,35,12276,6,2019
sta_rd,no,yes,276,sm,60,100,0,35,12279,5.75,2019
sta_rd,no,yes,276,sm,60,100,0,35,12280,6.75,2019
sta_rd,no,yes,276,sm,60,100,0,35,12277,5,2019
sta_rd,no,no,277,sm,45,100,2,35,12284,6.25,2019
sta_rd,no,no,277,sm,45,100,2,35,12283,8,2019
sta_rd,no,no,277,sm,45,100,2,35,12282,6.5,2019
sta_rd,no,no,277,sm,45,100,2,35,12286,6,2019
sta_rd,no,no,277,sm,45,100,2,35,12281,5.75,2019
sta_rd,no,no,277,sm,45,100,2,35,12285,5.5,2019
sta_rd,no,yes,278,sm,40,90,0,25,12318,5.5,2019
sta_rd,no,yes,278,sm,40,90,0,25,12319,6.5,2019
sta_rd,no,yes,278,sm,40,90,0,25,12316,6.25,2019
sta_rd,no,yes,278,sm,40,90,0,25,12314,6,2019
sta_rd,no,yes,278,sm,40,90,0,25,12317,6,2019
sta_rd,no,yes,278,sm,40,90,0,25,12320,5.25,2019
sta_rd,no,yes,278,sm,40,90,0,25,12315,4.75,2019
sta_rd,no,no,279,sm,35,98,0,5,12327,5,2019
sta_rd,no,no,279,sm,35,98,0,5,12325,6.5,2019
sta_rd,no,no,279,sm,35,98,0,5,12323,9,2019
sta_rd,no,no,279,sm,35,98,0,5,12322,8.25,2019
sta_rd,no,no,279,sm,35,98,0,5,12324,7.25,2019
sta_rd,no,no,279,sm,35,98,0,5,12321,6,2019
sta_rd,no,no,279,sm,35,98,0,5,12326,7.75,2019
sta_rd,no,yes,280,sm,30,100,0,0,12329,9,2019
sta_rd,no,yes,280,sm,30,100,0,0,12331,9.5,2019
sta_rd,no,yes,280,sm,30,100,0,0,12332,6.5,2019
sta_rd,no,yes,280,sm,30,100,0,0,12333,6,2019
sta_rd,no,yes,280,sm,30,100,0,0,12330,8.75,2019
sta_rd,no,yes,280,sm,30,100,0,0,12328,5.5,2019
sta_rd,no,no,281,sm,40,100,0,40,12335,11.5,2019
sta_rd,no,no,281,sm,40,100,0,40,12334,12,2019
sta_rd,no,no,281,sm,40,100,0,40,12339,10.75,2019
sta_rd,no,no,281,sm,40,100,0,40,12336,7.5,2019
sta_rd,no,no,281,sm,40,100,0,40,12337,9,2019
sta_rd,no,no,281,sm,40,100,0,40,12338,7.5,2019
sta_rd,no,yes,282,sm,35,100,0,0,12344,9.5,2019
sta_rd,no,yes,282,sm,35,100,0,0,12341,7,2019
sta_rd,no,yes,282,sm,35,100,0,0,12342,12.25,2019
sta_rd,no,yes,282,sm,35,100,0,0,12343,10.5,2019
sta_rd,no,yes,282,sm,35,100,0,0,12345,6.5,2019
sta_rd,no,yes,282,sm,35,100,0,0,12340,6,2019
sta_rd,no,no,283,sm,30,95,0,0,12348,6.7,2019
sta_rd,no,no,283,sm,30,95,0,0,12347,10.25,2019
sta_rd,no,no,283,sm,30,95,0,0,12351,6.5,2019
sta_rd,no,no,283,sm,30,95,0,0,12350,7.5,2019
sta_rd,no,no,283,sm,30,95,0,0,12349,6.5,2019
sta_rd,no,no,283,sm,30,95,0,0,12346,5,2019
gas_line,no,yes,3087,ro,10,20,1,60,12147,25.5,2019
gas_line,no,yes,3087,sm,10,20,1,60,12155,12.5,2019
gas_line,no,yes,3087,ro,10,20,1,60,12145,13,2019
gas_line,no,yes,3087,sm,10,20,1,60,12153,8.75,2019
gas_line,no,yes,3087,ro,10,20,1,60,12146,9.25,2019
gas_line,no,yes,3087,ro,10,20,1,60,12149,10,2019
gas_line,no,yes,3087,sm,10,20,1,60,12152,5.5,2019
gas_line,no,yes,3087,sm,10,20,1,60,12151,6,2019
gas_line,no,yes,3087,sm,10,20,1,60,12150,9.25,2019
gas_line,no,yes,3087,sm,10,20,1,60,12240,5.25,2019
gas_line,no,yes,3087,sm,10,20,1,60,12241,5.75,2019
gas_line,no,yes,3087,sm,10,20,1,60,12242,3.5,2019
gas_line,no,yes,3087,ro,10,20,1,60,12148,2.5,2019
gas_line,no,yes,3087,sm,10,20,1,60,12352,10.5,2019
gas_line,no,yes,3088,ro,20,85,0,5,12167,17,2019
gas_line,no,yes,3088,ro,20,85,0,5,12166,18,2019
gas_line,no,yes,3088,ro,20,85,0,5,12168,11,2019
gas_line,no,yes,3088,ro,20,85,0,5,12170,10.25,2019
gas_line,no,yes,3088,ro,20,85,0,5,12169,10,2019
gas_line,no,yes,3088,sm,20,85,0,5,12175,5.25,2019
gas_line,no,yes,3088,sm,20,85,0,5,12173,5.5,2019
gas_line,no,yes,3088,sm,20,85,0,5,12174,5.5,2019
gas_line,no,yes,3088,sm,20,85,0,5,12172,5.25,2019
gas_line,no,yes,3088,sm,20,85,0,5,12171,4.5,2019
gas_line,no,yes,3089,ro,20,30,0,10,12188,15.25,2019
gas_line,no,yes,3089,sm,20,30,0,10,12190,4.75,2019
gas_line,no,yes,3089,sm,20,30,0,10,12191,6,2019
gas_line,no,yes,3089,sm,20,30,0,10,12189,5.5,2019
gas_line,no,yes,3089,sm,20,30,0,10,12185,5,2019
gas_line,no,yes,3089,ro,20,30,0,10,12187,5.5,2019
gas_line,no,yes,3089,sm,20,30,0,10,12184,3.5,2019
gas_line,no,yes,3089,ro,20,30,0,10,12186 Now 12380 in 2020,5,2019
gas_line,no,yes,3090,ro,50,20,0,25,12215,23,2019
gas_line,no,yes,3090,ro,50,20,0,25,12214,9.25,2019
gas_line,no,yes,3090,ro,50,20,0,25,12212,16.5,2019
gas_line,no,yes,3090,ro,50,20,0,25,12213,7.5,2019
gas_line,no,yes,3090,ro,50,20,0,25,12216,7.5,2019
gas_line,no,yes,3090,ro,50,20,0,25,12217,4.5,2019
gas_line,no,yes,3090,sm,50,20,0,25,12218,5,2019
gas_line,no,yes,3091,sm,60,20,0,80,12222,3.25,2019
gas_line,no,yes,3091,ro,60,20,0,80,12226,8.5,2019
gas_line,no,yes,3091,sm,60,20,0,80,12223,5.75,2019
gas_line,no,yes,3091,sm,60,20,0,80,12220,5.25,2019
gas_line,no,yes,3091,sm,60,20,0,80,12221,5,2019
gas_line,no,yes,3091,sm,60,20,0,80,12224,4,2019
gas_line,no,yes,3091,sm,60,20,0,80,12225,3.5,2019
gas_line,no,no,3092,ro,40,30,0,80,12160,27.75,2019
gas_line,no,no,3092,ro,40,30,0,80,12157,26.75,2019
gas_line,no,no,3092,ro,40,30,0,80,12158,18,2019
gas_line,no,no,3092,ro,40,30,0,80,12161,13,2019
gas_line,no,no,3092,ro,40,30,0,80,12159,20,2019
gas_line,no,no,3092,ro,40,30,0,80,12156,8.75,2019
gas_line,no,no,3092,sm,40,30,0,80,12165,8,2019
gas_line,no,no,3092,sm,40,30,0,80,12162,7.5,2019
gas_line,no,no,3092,sm,40,30,0,80,12163,6.5,2019
gas_line,no,no,3092,sm,40,30,0,80,12353,4.75,2019
gas_line,no,no,3092,sm,40,30,0,80,12164,4.75,2019
gas_line,no,no,3093,ro,10,60,0,30,12176,13.75,2019
gas_line,no,no,3093,ro,10,60,0,30,12180,24,2019
gas_line,no,no,3093,ro,10,60,0,30,12177,19.75,2019
gas_line,no,no,3093,ro,10,60,0,30,12179,16.5,2019
gas_line,no,no,3093,ro,10,60,0,30,12178,12.25,2019
gas_line,no,no,3093,sm,10,60,0,30,12183,5.75,2019
gas_line,no,no,3093,sm,10,60,0,30,12181,8.5,2019
gas_line,no,no,3093,sm,10,60,0,30,12182,7.25,2019
gas_line,no,no,3094,sm,50,45,1,90,12195,4.25,2019
gas_line,no,no,3094,sm,50,45,1,90,12194,2,2019
gas_line,no,no,3094,sm,50,45,1,90,12356,6.75,2019
gas_line,no,no,3094,sm,50,45,1,90,12192,5.75,2019
gas_line,no,no,3094,ro,50,45,1,90,12354,6.5,2019
gas_line,no,no,3094,ro,50,45,1,90,12355,5.5,2019
gas_line,no,no,3094,ro,50,45,1,90,12199,4,2019
gas_line,no,no,3094,sm,50,45,1,90,12196,4,2019
gas_line,no,no,3094,ro,50,45,1,90,12198,3.5,2019
gas_line,no,no,3094,sm,50,45,1,90,12357,3.25,2019
gas_line,no,no,3094,ro,50,45,1,90,12200,3,2019
gas_line,no,no,3095,ro,50,80,0,0,12206,27,2019
gas_line,no,no,3095,ro,50,80,0,0,12201,24,2019
gas_line,no,no,3095,ro,50,80,0,0,12202,17,2019
gas_line,no,no,3095,ro,50,80,0,0,12204,16,2019
gas_line,no,no,3095,ro,50,80,0,0,12205,15,2019
gas_line,no,no,3095,sm,50,80,0,0,12210,10.75,2019
gas_line,no,no,3095,ro,50,80,0,0,12203,7.5,2019
gas_line,no,no,3095,sm,50,80,0,0,12211,9.75,2019
gas_line,no,no,3095,sm,50,80,0,0,12208,7.5,2019
gas_line,no,no,3095,sm,50,80,0,0,12209,5.75,2019
gas_line,no,no,3095,sm,50,80,0,0,12207,5.5,2019
gas_line,no,no,3096,sm,70,12,0,30,12227,2.25,2019
gas_line,no,no,3096,sm,70,12,0,30,12233,7.75,2019
gas_line,no,no,3096,ro,70,12,0,30,12234,8.25,2019
gas_line,no,no,3096,sm,70,12,0,30,12229,5.5,2019
gas_line,no,no,3096,ro,70,12,0,30,12236,8,2019
gas_line,no,no,3096,ro,70,12,0,30,12235,7,2019
gas_line,no,no,3096,ro,70,12,0,30,12238,5.75,2019
gas_line,no,no,3096,sm,70,12,0,30,12231,5.25,2019
gas_line,no,no,3096,ro,70,12,0,30,12239,6.25,2019
gas_line,no,no,3096,sm,70,12,0,30,12232,4.5,2019
gas_line,no,no,3096,ro,70,12,0,30,12237,5,2019
gas_line,no,no,3096,sm,70,12,0,30,12248,4,2019
gas_line,no,no,3096,sm,70,12,0,30,12228,5.25,2019
gas_line,no,no,3096,sm,70,12,0,30,12230,2.5,2019
gas_line,yes,yes,3101,bc,0,100,0,0,3669,39,2019
gas_line,yes,yes,3101,bc,0,100,0,0,3668,40.5,2019
gas_line,yes,yes,3101,bc,0,100,0,0,3666,37,2019
gas_line,yes,yes,3101,bc,0,100,0,0,3671,33.75,2019
gas_line,yes,yes,3101,sm,0,100,0,0,3660,22.25,2019
gas_line,yes,yes,3101,bc,0,100,0,0,3667,23.5,2019
gas_line,yes,yes,3101,bc,0,100,0,0,3670,25,2019
gas_line,yes,yes,3101,bc,0,100,0,0,3672,24.5,2019
gas_line,yes,yes,3101,sm,0,100,0,0,12311,13,2019
gas_line,yes,yes,3101,sm,0,100,0,0,3661,15,2019
gas_line,yes,yes,3101,sm,0,100,0,0,3659,14,2019
gas_line,yes,yes,3101,sm,0,100,0,0,3662,14.75,2019
gas_line,yes,yes,3101,sm,0,100,0,0,3664,14,2019
gas_line,yes,yes,3101,sm,0,100,0,0,3658,10.5,2019
gas_line,yes,yes,3102,sm,0,85,0,0,3693,23.75,2019
gas_line,yes,yes,3102,bc,0,85,0,0,3698,25.25,2019
gas_line,yes,yes,3102,bc,0,85,0,0,3696,20,2019
gas_line,yes,yes,3102,bc,0,85,0,0,3699,23.25,2019
gas_line,yes,yes,3102,bc,0,85,0,0,3700,24.25,2019
gas_line,yes,yes,3102,bc,0,85,0,0,3701,21.5,2019
gas_line,yes,yes,3102,sm,0,85,0,0,3691,20,2019
gas_line,yes,yes,3102,sm,0,85,0,0,3690,15.5,2019
gas_line,yes,yes,3102,bc,0,85,0,0,3697,16.5,2019
gas_line,yes,yes,3102,sm,0,85,0,0,3689,18.5,2019
gas_line,yes,yes,3102,bc,0,85,0,0,3702,13.25,2019
gas_line,yes,yes,3102,sm,0,85,0,0,3692,12.75,2019
gas_line,yes,yes,3102,sm,0,85,0,0,3694,9.75,2019
gas_line,yes,yes,3102,sm,0,85,0,0,3695,8.75,2019
gas_line,yes,yes,3103,bc,20,80,0,0,3729,39,2019
gas_line,yes,yes,3103,bc,20,80,0,0,3726,40.5,2019
gas_line,yes,yes,3103,bc,20,80,0,0,3732,34.5,2019
gas_line,yes,yes,3103,bc,20,80,0,0,3731,28,2019
gas_line,yes,yes,3103,bc,20,80,0,0,3730,28.5,2019
gas_line,yes,yes,3103,sm,20,80,0,0,3723,19.5,2019
gas_line,yes,yes,3103,sm,20,80,0,0,3720,17.5,2019
gas_line,yes,yes,3103,sm,20,80,0,0,3722,21.5,2019
gas_line,yes,yes,3103,sm,20,80,0,0,3721,8.75,2019
gas_line,yes,yes,3103,bc,20,80,0,0,3727,16.5,2019
gas_line,yes,yes,3103,bc,20,80,0,0,3728,16,2019
gas_line,yes,yes,3103,sm,20,80,0,0,3719,11,2019
gas_line,yes,yes,3103,sm,20,80,0,0,3725,12.5,2019
gas_line,yes,yes,3103,sm,20,80,0,0,3724,10,2019
gas_line,yes,yes,3104,bc,20,75,0,1,3756,40.75,2019
gas_line,yes,yes,3104,bc,20,75,0,1,3757,36,2019
gas_line,yes,yes,3104,bc,20,75,0,1,3754,23.75,2019
gas_line,yes,yes,3104,bc,20,75,0,1,3755,20.25,2019
gas_line,yes,yes,3104,bc,20,75,0,1,3758,27.75,2019
gas_line,yes,yes,3104,sm,20,75,0,1,3750,12.5,2019
gas_line,yes,yes,3104,sm,20,75,0,1,3749,14.25,2019
gas_line,yes,yes,3104,sm,20,75,0,1,3751,15,2019
gas_line,yes,yes,3104,sm,20,75,0,1,3752,14,2019
gas_line,yes,yes,3104,sm,20,75,0,1,3753,10.5,2019
gas_line,yes,yes,3104,sm,20,75,0,1,3748,7.5,2019
gas_line,yes,no,3105,bc,0,100,0,0,3683,27.25,2019
gas_line,yes,no,3105,bc,0,100,0,0,3686,41,2019
gas_line,yes,no,3105,sm,0,100,0,0,3679,40.5,2019
gas_line,yes,no,3105,bc,0,100,0,0,12312,29,2019
gas_line,yes,no,3105,sm,0,100,0,0,3677,30.25,2019
gas_line,yes,no,3105,bc,0,100,0,0,3687,47.25,2019
gas_line,yes,no,3105,bc,0,100,0,0,3688,39,2019
gas_line,yes,no,3105,sm,0,100,0,0,3678,23.75,2019
gas_line,yes,no,3105,bc,0,100,0,0,3685,35.25,2019
gas_line,yes,no,3105,bc,0,100,0,0,3682,27.5,2019
gas_line,yes,no,3105,sm,0,100,0,0,3673,13.5,2019
gas_line,yes,no,3105,sm,0,100,0,0,3680,22,2019
gas_line,yes,no,3105,sm,0,100,0,0,3676,21.5,2019
gas_line,yes,no,3105,sm,0,100,0,0,3675,12.5,2019
gas_line,yes,no,3105,bc,0,100,0,0,3681,17.25,2019
gas_line,yes,no,3105,sm,0,100,0,0,3674,10.25,2019
gas_line,yes,no,3106,bc,0,100,0,0,3715,49,2019
gas_line,yes,no,3106,bc,0,100,0,0,3710,42,2019
gas_line,yes,no,3106,bc,0,100,0,0,3713,46.25,2019
gas_line,yes,no,3106,bc,0,100,0,0,3716,40,2019
gas_line,yes,no,3106,bc,0,100,0,0,3711,33,2019
gas_line,yes,no,3106,bc,0,100,0,0,3714,30,2019
gas_line,yes,no,3106,bc,0,100,0,0,3717,34.5,2019
gas_line,yes,no,3106,bc,0,100,0,0,3712,26.25,2019
gas_line,yes,no,3106,sm,0,100,0,0,3708,18,2019
gas_line,yes,no,3106,bc,0,100,0,0,3718,29,2019
gas_line,yes,no,3106,sm,0,100,0,0,12313,23.75,2019
gas_line,yes,no,3106,sm,0,100,0,0,3707,19,2019
gas_line,yes,no,3106,sm,0,100,0,0,3706,17.5,2019
gas_line,yes,no,3106,sm,0,100,0,0,3709,13,2019
gas_line,yes,no,3106,sm,0,100,0,0,3704,9,2019
gas_line,yes,no,3106,sm,0,100,0,0,3703,9.75,2019
gas_line,yes,no,3107,sm,10,80,0,15,3733,7,2019
gas_line,yes,no,3107,bc,10,80,0,15,3744,45.5,2019
gas_line,yes,no,3107,bc,10,80,0,15,3741,44,2019
gas_line,yes,no,3107,bc,10,80,0,15,3743,44.5,2019
gas_line,yes,no,3107,bc,10,80,0,15,3745,39,2019
gas_line,yes,no,3107,bc,10,80,0,15,3746,31.75,2019
gas_line,yes,no,3107,bc,10,80,0,15,3742,36.25,2019
gas_line,yes,no,3107,bc,10,80,0,15,3747,30.5,2019
gas_line,yes,no,3107,bc,10,80,0,15,3740,26.25,2019
gas_line,yes,no,3107,sm,10,80,0,15,3735,13.5,2019
gas_line,yes,no,3107,sm,10,80,0,15,3734,10,2019
gas_line,yes,no,3107,sm,10,80,0,15,3739,10.75,2019
gas_line,yes,no,3107,sm,10,80,0,15,3738,8.75,2019
gas_line,yes,no,3107,sm,10,80,0,15,3737,8.5,2019
gas_line,yes,no,3107,sm,10,80,0,15,3736,7,2019
gas_line,yes,no,3108,bc,10,95,0,40,3766,44.75,2019
gas_line,yes,no,3108,bc,10,95,0,40,3765,29.25,2019
gas_line,yes,no,3108,sm,10,95,0,40,3763,16,2019
gas_line,yes,no,3108,sm,10,95,0,40,3761,18.25,2019
gas_line,yes,no,3108,sm,10,95,0,40,3760,14.5,2019
gas_line,yes,no,3108,sm,10,95,0,40,3764,8.25,2019
gas_line,yes,no,3108,sm,10,95,0,40,3762,11.25,2019
gas_line,yes,no,3108,sm,10,95,0,40,3759,11.75,2019
gas_line,yes,no,3108,bc,10,95,0,40,3767,8.5,2019
gas_line,yes,yes,3109,sm,10,75,0,0,3768,25,2019
gas_line,yes,yes,3109,sm,10,75,0,0,3772,25.25,2019
gas_line,yes,yes,3109,sm,10,75,0,0,3769,19.5,2019
gas_line,yes,yes,3109,sm,10,75,0,0,3773,21.5,2019
gas_line,yes,yes,3109,sm,10,75,0,0,3771,10.25,2019
gas_line,yes,yes,3109,sm,10,75,0,0,3770,13.25,2019
gas_line,yes,yes,3110,sm,10,100,0,0,3780,27,2019
gas_line,yes,yes,3110,sm,10,100,0,0,3785,25,2019
gas_line,yes,yes,3110,sm,10,100,0,0,3783,16,2019
gas_line,yes,yes,3110,sm,10,100,0,0,3781,16.5,2019
gas_line,yes,yes,3110,sm,10,100,0,0,3782,16,2019
gas_line,yes,yes,3110,sm,10,100,0,0,3784,9,2019
gas_line,yes,yes,3111,sm,0,90,0,0,3794,29.25,2019
gas_line,yes,yes,3111,sm,0,90,0,0,3795,34,2019
gas_line,yes,yes,3111,sm,0,90,0,0,3793,30.5,2019
gas_line,yes,yes,3111,sm,0,90,0,0,3797,19,2019
gas_line,yes,yes,3111,sm,0,90,0,0,3792,15,2019
gas_line,yes,yes,3111,sm,0,90,0,0,3796,9.25,2019
gas_line,yes,yes,3112,sm,10,80,1,10,3811,17,2019
gas_line,yes,yes,3112,sm,10,80,1,10,3806,18.25,2019
gas_line,yes,yes,3112,sm,10,80,1,10,3809,12,2019
gas_line,yes,yes,3112,sm,10,80,1,10,3807,10.5,2019
gas_line,yes,yes,3112,sm,10,80,1,10,3804,10.5,2019
gas_line,yes,yes,3112,sm,10,80,1,10,3805,8.25,2019
gas_line,yes,yes,3112,sm,10,80,1,10,3810,6.5,2019
gas_line,yes,yes,3112,sm,10,80,1,10,3808,7.5,2019
gas_line,yes,yes,3113,sm,10,75,2,5,3821,15,2019
gas_line,yes,yes,3113,sm,10,75,2,5,3820,9.25,2019
gas_line,yes,yes,3113,sm,10,75,2,5,3823,12,2019
gas_line,yes,yes,3113,sm,10,75,2,5,3825,6.5,2019
gas_line,yes,yes,3113,sm,10,75,2,5,3822,6,2019
gas_line,yes,yes,3113,sm,10,75,2,5,3824,5.5,2019
gas_line,yes,no,3114,sm,0,100,2,0,3774,25.5,2019
gas_line,yes,no,3114,sm,0,100,2,0,3775,14.75,2019
gas_line,yes,no,3114,sm,0,100,2,0,3778,12,2019
gas_line,yes,no,3114,sm,0,100,2,0,3777,12.75,2019
gas_line,yes,no,3114,sm,0,100,2,0,3776,9.75,2019
gas_line,yes,no,3114,sm,0,100,2,0,3779,9.75,2019
gas_line,yes,no,3115,sm,10,95,0,0,3788,26,2019
gas_line,yes,no,3115,sm,10,95,0,0,3791,20.5,2019
gas_line,yes,no,3115,sm,10,95,0,0,3787,18.25,2019
gas_line,yes,no,3115,sm,10,95,0,0,3790,8,2019
gas_line,yes,no,3115,sm,10,95,0,0,3786,11,2019
gas_line,yes,no,3115,sm,10,95,0,0,3789,7.75,2019
gas_line,yes,no,3116,sm,10,90,2,0,3802,18.25,2019
gas_line,yes,no,3116,sm,10,90,2,0,3799,10,2019
gas_line,yes,no,3116,sm,10,90,2,0,3801,6.25,2019
gas_line,yes,no,3116,sm,10,90,2,0,3803,15.75,2019
gas_line,yes,no,3116,sm,10,90,2,0,3800,11,2019
gas_line,yes,no,3116,sm,10,90,2,0,3798,11.5,2019
gas_line,yes,no,3117,sm,20,100,0,15,3815,14.5,2019
gas_line,yes,no,3117,sm,20,100,0,15,3812,11.25,2019
gas_line,yes,no,3117,sm,20,100,0,15,3816,8,2019
gas_line,yes,no,3117,sm,20,100,0,15,3818,13.25,2019
gas_line,yes,no,3117,sm,20,100,0,15,3814,10.25,2019
gas_line,yes,no,3117,sm,20,100,0,15,3813,8.25,2019
gas_line,yes,no,3117,sm,20,100,0,15,3817,7.25,2019
gas_line,yes,no,3117,sm,20,100,0,15,3819,6,2019
gas_line,yes,no,3118,sm,10,80,0,0,3828,8.75,2019
gas_line,yes,no,3118,sm,10,80,0,0,3827,7.25,2019
gas_line,yes,no,3118,sm,10,80,0,0,3831,7.5,2019
gas_line,yes,no,3118,sm,10,80,0,0,3830,7.5,2019
gas_line,yes,no,3118,sm,10,80,0,0,3829,7,2019
gas_line,yes,no,3118,sm,10,80,0,0,3826,6.75,2019
gas_line,yes,yes,3119,ro,0,70,0,0,3835,41,2019
gas_line,yes,yes,3119,ro,0,70,0,0,3833,36.5,2019
gas_line,yes,yes,3119,ro,0,70,0,0,3836,36.5,2019
gas_line,yes,yes,3119,ro,0,70,0,0,3834,31.75,2019
gas_line,yes,yes,3119,ro,0,70,0,0,3832,36,2019
gas_line,yes,yes,3119,ro,0,70,0,0,3837,22.5,2019
gas_line,yes,yes,3120,ro,0,100,0,0,3848,30,2019
gas_line,yes,yes,3120,ro,0,100,0,0,3849,24,2019
gas_line,yes,yes,3120,ro,0,100,0,0,3850,22.75,2019
gas_line,yes,yes,3120,ro,0,100,0,0,3846,27,2019
gas_line,yes,yes,3120,ro,0,100,0,0,3844,19,2019
gas_line,yes,yes,3120,ro,0,100,0,0,3847,8.5,2019
gas_line,yes,yes,3121,ro,0,50,0,0,3859,51,2019
gas_line,yes,yes,3121,ro,0,50,0,0,3862,34.5,2019
gas_line,yes,yes,3121,ro,0,50,0,0,3857,37,2019
gas_line,yes,yes,3121,ro,0,50,0,0,3861,46,2019
gas_line,yes,yes,3121,ro,0,50,0,0,3858,33,2019
gas_line,yes,yes,3121,ro,0,50,0,0,3860,19,2019
gas_line,yes,yes,3122,ro,10,30,0,1,3871,36,2019
gas_line,yes,yes,3122,ro,10,30,0,1,3872,28,2019
gas_line,yes,yes,3122,ro,10,30,0,1,3869,26.75,2019
gas_line,yes,yes,3122,ro,10,30,0,1,3873,21.75,2019
gas_line,yes,yes,3122,ro,10,30,0,1,3874,16.5,2019
gas_line,yes,yes,3122,ro,10,30,0,1,3870,12.5,2019
gas_line,yes,yes,3123,ro,0,100,0,0,3885,26,2019
gas_line,yes,yes,3123,ro,0,100,0,0,3886,25.5,2019
gas_line,yes,yes,3123,ro,0,100,0,0,3883,25,2019
gas_line,yes,yes,3123,ro,0,100,0,0,3881,26,2019
gas_line,yes,yes,3123,ro,0,100,0,0,3884,24.75,2019
gas_line,yes,yes,3123,ro,0,100,0,0,3882,30.75,2019
gas_line,yes,no,3124,ro,0,80,0,0,3841,36,2019
gas_line,yes,no,3124,ro,0,80,0,0,3838,49,2019
gas_line,yes,no,3124,ro,0,80,0,0,3843,28,2019
gas_line,yes,no,3124,ro,0,80,0,0,3839,36,2019
gas_line,yes,no,3124,ro,0,80,0,0,3840,19.5,2019
gas_line,yes,no,3124,ro,0,80,0,0,3842,21,2019
gas_line,yes,no,3125,ro,0,95,0,0,3855,26,2019
gas_line,yes,no,3125,ro,0,95,0,0,3856,21.25,2019
gas_line,yes,no,3125,ro,0,95,0,0,3852,21,2019
gas_line,yes,no,3125,ro,0,95,0,0,3854,22,2019
gas_line,yes,no,3125,ro,0,95,0,0,3851,21.5,2019
gas_line,yes,no,3125,ro,0,95,0,0,3853,17.5,2019
gas_line,yes,no,3126,ro,0,55.00000000000001,0,0,3864,45.25,2019
gas_line,yes,no,3126,ro,0,55.00000000000001,0,0,3867,37.75,2019
gas_line,yes,no,3126,ro,0,55.00000000000001,0,0,3863,33.5,2019
gas_line,yes,no,3126,ro,0,55.00000000000001,0,0,3865,22.5,2019
gas_line,yes,no,3126,ro,0,55.00000000000001,0,0,3868,26,2019
gas_line,yes,no,3126,ro,0,55.00000000000001,0,0,3866,24.75,2019
gas_line,yes,no,3127,ro,10,25,1,10,3875,34.5,2019
gas_line,yes,no,3127,ro,10,25,1,10,3878,30.75,2019
gas_line,yes,no,3127,ro,10,25,1,10,3879,35,2019
gas_line,yes,no,3127,ro,10,25,1,10,3877,22.25,2019
gas_line,yes,no,3127,ro,10,25,1,10,3876,17,2019
gas_line,yes,no,3127,ro,10,25,1,10,3880,18.5,2019
gas_line,yes,no,3128,ro,0,95,0,0,3892,47,2019
gas_line,yes,no,3128,ro,0,95,0,0,3888,33,2019
gas_line,yes,no,3128,ro,0,95,0,0,3889,39.5,2019
gas_line,yes,no,3128,ro,0,95,0,0,3887,28.5,2019
gas_line,yes,no,3128,ro,0,95,0,0,3891,29.5,2019
gas_line,yes,no,3128,ro,0,95,0,0,3890,9.25,2019
gas_line,yes,yes,3129,ro,0,100,0,0,3897,34.5,2019
gas_line,yes,yes,3129,ro,0,100,0,0,3894,31.25,2019
gas_line,yes,yes,3129,ro,0,100,0,0,3896,34,2019
gas_line,yes,yes,3129,ro,0,100,0,0,3893,18.25,2019
gas_line,yes,yes,3129,ro,0,100,0,0,3898,30.5,2019
gas_line,yes,yes,3129,ro,0,100,0,0,3895,17,2019
gas_line,yes,yes,3130,ro,20,35,0,20,3906,23.25,2019
gas_line,yes,yes,3130,ro,20,35,0,20,3908,20.75,2019
gas_line,yes,yes,3130,ro,20,35,0,20,3910,7.25,2019
gas_line,yes,yes,3130,ro,20,35,0,20,3907,13.5,2019
gas_line,yes,yes,3130,ro,20,35,0,20,3909,8.25,2019
gas_line,yes,yes,3130,ro,20,35,0,20,3905,8.25,2019
gas_line,yes,yes,3131,ro,20,100,0,0,3918,60,2019
gas_line,yes,yes,3131,ro,20,100,0,0,3917,47,2019
gas_line,yes,yes,3131,ro,20,100,0,0,3922,29.5,2019
gas_line,yes,yes,3131,ro,20,100,0,0,3920,27.75,2019
gas_line,yes,yes,3131,ro,20,100,0,0,3921,23.25,2019
gas_line,yes,yes,3131,ro,20,100,0,0,3919,24,2019
gas_line,yes,yes,3132,ro,20,90,0,0,3933,36,2019
gas_line,yes,yes,3132,ro,20,90,0,0,3929,25.5,2019
gas_line,yes,yes,3132,ro,20,90,0,0,3932,21,2019
gas_line,yes,yes,3132,ro,20,90,0,0,3930,18.25,2019
gas_line,yes,yes,3132,ro,20,90,0,0,3931,10.5,2019
gas_line,yes,yes,3133,ro,20,80,0,5,3944,19.25,2019
gas_line,yes,yes,3133,ro,20,80,0,5,3939,16,2019
gas_line,yes,yes,3133,ro,20,80,0,5,3942,17.25,2019
gas_line,yes,yes,3133,ro,20,80,0,5,3941,15,2019
gas_line,yes,yes,3133,ro,20,80,0,5,3943,14.25,2019
gas_line,yes,yes,3133,ro,20,80,0,5,3940,7,2019
gas_line,yes,no,3134,ro,0,100,0,0,3904,42.5,2019
gas_line,yes,no,3134,ro,0,100,0,0,3900,40.5,2019
gas_line,yes,no,3134,ro,0,100,0,0,3903,35,2019
gas_line,yes,no,3134,ro,0,100,0,0,3902,25,2019
gas_line,yes,no,3134,ro,0,100,0,0,3899,21.75,2019
gas_line,yes,no,3134,ro,0,100,0,0,3901,20.25,2019
gas_line,yes,no,3135,ro,10,65,0,20,3912,17,2019
gas_line,yes,no,3135,ro,10,65,0,20,3913,17.5,2019
gas_line,yes,no,3135,ro,10,65,0,20,3915,10.25,2019
gas_line,yes,no,3135,ro,10,65,0,20,3914,11.25,2019
gas_line,yes,no,3135,ro,10,65,0,20,3911,8,2019
gas_line,yes,no,3135,ro,10,65,0,20,3916,7.5,2019
gas_line,yes,no,3136,ro,0,100,0,0,3927,32.5,2019
gas_line,yes,no,3136,ro,0,100,0,0,3924,29.75,2019
gas_line,yes,no,3136,ro,0,100,0,0,3925,18,2019
gas_line,yes,no,3136,ro,0,100,0,0,3928,22.5,2019
gas_line,yes,no,3136,ro,0,100,0,0,3926,10,2019
gas_line,yes,no,3136,ro,0,100,0,0,3923,7,2019
gas_line,yes,no,3137,ro,20,40,0,30,3936,38,2019
gas_line,yes,no,3137,ro,20,40,0,30,3937,9.75,2019
gas_line,yes,no,3137,ro,20,40,0,30,3938,5.5,2019
gas_line,yes,no,3137,ro,20,40,0,30,3934,8,2019
gas_line,yes,no,3137,ro,20,40,0,30,3935,7.5,2019
gas_line,yes,no,3138,ro,20,55.00000000000001,0,30,3947,16.5,2019
gas_line,yes,no,3138,ro,20,55.00000000000001,0,30,3945,19,2019
gas_line,yes,no,3138,ro,20,55.00000000000001,0,30,3949,13,2019
gas_line,yes,no,3138,ro,20,55.00000000000001,0,30,3950,13,2019
gas_line,yes,no,3138,ro,20,55.00000000000001,0,30,3946,11,2019
gas_line,yes,no,3138,ro,20,55.00000000000001,0,30,3948,5.75,2019
gas_line,yes,yes,3139,ro,80,10,0,55.00000000000001,3954,14.5,2019
gas_line,yes,yes,3139,ro,80,10,0,55.00000000000001,3955,14,2019
gas_line,yes,yes,3139,ro,80,10,0,55.00000000000001,3953,11.25,2019
gas_line,yes,yes,3139,ro,80,10,0,55.00000000000001,3951,9.75,2019
gas_line,yes,yes,3139,ro,80,10,0,55.00000000000001,3952,5.25,2019
gas_line,yes,yes,3140,ro,10,85,0,0,3964,26.5,2019
gas_line,yes,yes,3140,ro,10,85,0,0,3961,25,2019
gas_line,yes,yes,3140,ro,10,85,0,0,3965,39.75,2019
gas_line,yes,yes,3140,ro,10,85,0,0,3962,35,2019
gas_line,yes,yes,3140,ro,10,85,0,0,3963,12,2019
gas_line,yes,yes,3141,ro,10,55.00000000000001,0,15,3973,27.25,2019
gas_line,yes,yes,3141,ro,10,55.00000000000001,0,15,3972,25.75,2019
gas_line,yes,yes,3141,ro,10,55.00000000000001,0,15,3971,22,2019
gas_line,yes,yes,3141,ro,10,55.00000000000001,0,15,3975,18,2019
gas_line,yes,yes,3141,ro,10,55.00000000000001,0,15,3974,9.25,2019
gas_line,yes,yes,3142,ro,10,55.00000000000001,0,20,3983,36,2019
gas_line,yes,yes,3142,ro,10,55.00000000000001,0,20,3984,29.5,2019
gas_line,yes,yes,3142,ro,10,55.00000000000001,0,20,3985,20.5,2019
gas_line,yes,yes,3142,ro,10,55.00000000000001,0,20,3982,25,2019
gas_line,yes,yes,3142,ro,10,55.00000000000001,0,20,3981,17,2019
gas_line,yes,yes,3143,ro,30,35,0,20,3994,19,2019
gas_line,yes,yes,3143,ro,30,35,0,20,3991,18,2019
gas_line,yes,yes,3143,ro,30,35,0,20,3995,22.75,2019
gas_line,yes,yes,3143,ro,30,35,0,20,3992,13.5,2019
gas_line,yes,yes,3143,ro,30,35,0,20,3993,11,2019
gas_line,yes,no,3144,ro,50,40,0,60,3958,13.25,2019
gas_line,yes,no,3144,ro,50,40,0,60,3956,12,2019
gas_line,yes,no,3144,ro,50,40,0,60,3960,13.75,2019
gas_line,yes,no,3144,ro,50,40,0,60,3959,13.5,2019
gas_line,yes,no,3144,ro,50,40,0,60,3957,8.5,2019
gas_line,yes,no,3145,ro,10,80,0,0,3968,30.5,2019
gas_line,yes,no,3145,ro,10,80,0,0,3969,33,2019
gas_line,yes,no,3145,ro,10,80,0,0,3966,28.75,2019
gas_line,yes,no,3145,ro,10,80,0,0,3970,19.75,2019
gas_line,yes,no,3145,ro,10,80,0,0,3967,37.75,2019
gas_line,yes,no,3146,ro,10,95,0,15,3979,26.5,2019
gas_line,yes,no,3146,ro,10,95,0,15,3977,26,2019
gas_line,yes,no,3146,ro,10,95,0,15,3980,23,2019
gas_line,yes,no,3146,ro,10,95,0,15,3976,19.25,2019
gas_line,yes,no,3146,ro,10,95,0,15,3978,9,2019
gas_line,yes,no,3147,ro,10,85,1,15,3989,22.75,2019
gas_line,yes,no,3147,ro,10,85,1,15,3987,24.25,2019
gas_line,yes,no,3147,ro,10,85,1,15,3990,18.75,2019
gas_line,yes,no,3147,ro,10,85,1,15,3986,21.25,2019
gas_line,yes,no,3147,ro,10,85,1,15,3988,10.5,2019
gas_line,yes,no,3148,ro,30,90,0,40,3997,24.75,2019
gas_line,yes,no,3148,ro,30,90,0,40,4000,21.5,2019
gas_line,yes,no,3148,ro,30,90,0,40,3998,13,2019
gas_line,yes,no,3148,ro,30,90,0,40,3996,11.75,2019
gas_line,yes,no,3148,ro,30,90,0,40,3999,8,2019
sta_rd,no,yes,274,ro,80,99,0,95,12268,13,2020
sta_rd,no,yes,274,sm,80,99,0,95,12261,8,2020
sta_rd,no,yes,274,sm,80,99,0,95,12264,8,2020
sta_rd,no,yes,274,sm,80,99,0,95,12263,5,2020
sta_rd,no,yes,274,sm,80,99,0,95,12262,5,2020
sta_rd,no,yes,274,sm,80,99,0,95,12370,7,2020
sta_rd,no,yes,274,sm,80,99,0,95,12371,4,2020
sta_rd,no,no,275,sm,65,85,0,65,12274,5.75,2020
sta_rd,no,no,275,sm,65,85,0,65,12269,5.5,2020
sta_rd,no,no,275,sm,65,85,0,65,12273,5.25,2020
sta_rd,no,no,275,sm,65,85,0,65,12270,5,2020
sta_rd,no,no,275,sm,65,85,0,65,12372,6.5,2020
sta_rd,no,no,275,sm,65,85,0,65,12374,5.25,2020
sta_rd,no,yes,276,sm,60,100,0,35,12275,7.75,2020
sta_rd,no,yes,276,sm,60,100,0,35,12278,7.75,2020
sta_rd,no,yes,276,sm,60,100,0,35,12276,7.5,2020
sta_rd,no,yes,276,sm,60,100,0,35,12279,6.75,2020
sta_rd,no,yes,276,sm,60,100,0,35,12280,6.5,2020
sta_rd,no,yes,276,sm,60,100,0,35,12277,4.5,2020
sta_rd,no,no,277,sm,45,100,2,35,12283,11.25,2020
sta_rd,no,no,277,sm,45,100,2,35,12282,8.25,2020
sta_rd,no,no,277,sm,45,100,2,35,12286,7.25,2020
sta_rd,no,no,277,sm,45,100,2,35,12281,7,2020
sta_rd,no,no,277,sm,45,100,2,35,12285,7,2020
sta_rd,no,no,277,sm,45,100,2,35,12377,8,2020
sta_rd,no,yes,278,sm,40,90,0,25,12319,8.5,2020
sta_rd,no,yes,278,sm,40,90,0,25,12316,8.5,2020
sta_rd,no,yes,278,sm,40,90,0,25,12314,8,2020
sta_rd,no,yes,278,sm,40,90,0,25,12317,7.25,2020
sta_rd,no,yes,278,sm,40,90,0,25,12320,6.5,2020
sta_rd,no,yes,278,sm,40,90,0,25,12315,5,2020
sta_rd,no,yes,278,sm,40,90,0,25,12375,9,2020
sta_rd,no,no,279,sm,35,98,0,5,12325,11,2020
sta_rd,no,no,279,sm,35,98,0,5,12323,10.5,2020
sta_rd,no,no,279,sm,35,98,0,5,12322,9.75,2020
sta_rd,no,no,279,sm,35,98,0,5,12324,9.5,2020
sta_rd,no,no,279,sm,35,98,0,5,12321,8.75,2020
sta_rd,no,no,279,sm,35,98,0,5,12326,7,2020
sta_rd,no,no,279,sm,35,98,0,5,12376,8,2020
sta_rd,no,yes,280,sm,30,100,0,0,12329,13,2020
sta_rd,no,yes,280,sm,30,100,0,0,12331,10.25,2020
sta_rd,no,yes,280,sm,30,100,0,0,12332,9.5,2020
sta_rd,no,yes,280,sm,30,100,0,0,12333,9.5,2020
sta_rd,no,yes,280,sm,30,100,0,0,12330,9,2020
sta_rd,no,yes,280,sm,30,100,0,0,12328,6.5,2020
sta_rd,no,no,281,sm,40,100,0,40,12335,13.5,2020
sta_rd,no,no,281,sm,40,100,0,40,12334,13,2020
sta_rd,no,no,281,sm,40,100,0,40,12339,12.25,2020
sta_rd,no,no,281,sm,40,100,0,40,12336,11.5,2020
sta_rd,no,no,281,sm,40,100,0,40,12337,10,2020
sta_rd,no,no,281,sm,40,100,0,40,12338,8,2020
sta_rd,no,yes,282,sm,35,100,0,0,12342,19.5,2020
sta_rd,no,yes,282,sm,35,100,0,0,12343,12,2020
sta_rd,no,yes,282,sm,35,100,0,0,12345,9,2020
sta_rd,no,yes,282,sm,35,100,0,0,12340,7,2020
sta_rd,no,yes,282,sm,35,100,0,0,12379,8.5,2020
sta_rd,no,yes,282,sm,35,100,0,0,12378,8,2020
sta_rd,no,no,283,sm,30,95,0,0,12348,12.5,2020
sta_rd,no,no,283,sm,30,95,0,0,12347,10.5,2020
sta_rd,no,no,283,sm,30,95,0,0,12351,10,2020
sta_rd,no,no,283,sm,30,95,0,0,12350,8.75,2020
sta_rd,no,no,283,sm,30,95,0,0,12349,8,2020
sta_rd,no,no,283,sm,30,95,0,0,12346,6.5,2020
gas_line,no,yes,3087,ro,10,20,1,60,12147,29,2020
gas_line,no,yes,3087,sm,10,20,1,60,12155,18.25,2020
gas_line,no,yes,3087,ro,10,20,1,60,12145,17.25,2020
gas_line,no,yes,3087,sm,10,20,1,60,12153,17.25,2020
gas_line,no,yes,3087,ro,10,20,1,60,12146,14.75,2020
gas_line,no,yes,3087,ro,10,20,1,60,12149,11.75,2020
gas_line,no,yes,3087,sm,10,20,1,60,12152,11.5,2020
gas_line,no,yes,3087,sm,10,20,1,60,12151,11,2020
gas_line,no,yes,3087,sm,10,20,1,60,12150,10.5,2020
gas_line,no,yes,3087,sm,10,20,1,60,12240,7.25,2020
gas_line,no,yes,3087,sm,10,20,1,60,12241,6,2020
gas_line,no,yes,3087,sm,10,20,1,60,12242,5,2020
gas_line,no,yes,3087,ro,10,20,1,60,12148,2,2020
gas_line,no,yes,3087,sm,10,20,1,60,12352,17.25,2020
gas_line,no,yes,3088,ro,20,85,0,5,12167,22,2020
gas_line,no,yes,3088,ro,20,85,0,5,12166,17.75,2020
gas_line,no,yes,3088,ro,20,85,0,5,12168,15.25,2020
gas_line,no,yes,3088,ro,20,85,0,5,12170,14,2020
gas_line,no,yes,3088,ro,20,85,0,5,12169,11,2020
gas_line,no,yes,3088,sm,20,85,0,5,12175,7.5,2020
gas_line,no,yes,3088,sm,20,85,0,5,12173,7,2020
gas_line,no,yes,3088,sm,20,85,0,5,12174,6.5,2020
gas_line,no,yes,3088,sm,20,85,0,5,12172,6,2020
gas_line,no,yes,3088,sm,20,85,0,5,12171,4.75,2020
gas_line,no,yes,3089,ro,20,30,0,10,12188,15.25,2020
gas_line,no,yes,3089,sm,20,30,0,10,12190,10,2020
gas_line,no,yes,3089,sm,20,30,0,10,12191,9.25,2020
gas_line,no,yes,3089,sm,20,30,0,10,12189,9,2020
gas_line,no,yes,3089,sm,20,30,0,10,12185,6.5,2020
gas_line,no,yes,3089,ro,20,30,0,10,12187,6,2020
gas_line,no,yes,3089,sm,20,30,0,10,12184,5.25,2020
gas_line,no,yes,3089,ro,20,30,0,10,12186 Now 12380 in 2020,4,2020
gas_line,no,yes,3090,ro,50,20,0,25,12215,35.5,2020
gas_line,no,yes,3090,ro,50,20,0,25,12214,13.25,2020
gas_line,no,yes,3090,ro,50,20,0,25,12212,13,2020
gas_line,no,yes,3090,ro,50,20,0,25,12213,10.25,2020
gas_line,no,yes,3090,ro,50,20,0,25,12216,7.75,2020
gas_line,no,yes,3090,ro,50,20,0,25,12217,7.75,2020
gas_line,no,yes,3090,sm,50,20,0,25,12218,6,2020
gas_line,no,yes,3091,ro,60,20,0,80,12226,7.25,2020
gas_line,no,yes,3091,sm,60,20,0,80,12223,6,2020
gas_line,no,yes,3091,sm,60,20,0,80,12220,5.75,2020
gas_line,no,yes,3091,sm,60,20,0,80,12221,4.75,2020
gas_line,no,yes,3091,sm,60,20,0,80,12224,4,2020
gas_line,no,yes,3091,sm,60,20,0,80,12225,3.75,2020
gas_line,no,no,3092,ro,40,30,0,80,12160,31.75,2020
gas_line,no,no,3092,ro,40,30,0,80,12157,31.25,2020
gas_line,no,no,3092,ro,40,30,0,80,12158,27.25,2020
gas_line,no,no,3092,ro,40,30,0,80,12161,23,2020
gas_line,no,no,3092,ro,40,30,0,80,12159,19,2020
gas_line,no,no,3092,ro,40,30,0,80,12156,11,2020
gas_line,no,no,3092,sm,40,30,0,80,12165,10.25,2020
gas_line,no,no,3092,sm,40,30,0,80,12162,10,2020
gas_line,no,no,3092,sm,40,30,0,80,12163,8,2020
gas_line,no,no,3092,sm,40,30,0,80,12353,5,2020
gas_line,no,no,3092,sm,40,30,0,80,12164,5,2020
gas_line,no,no,3093,ro,10,60,0,30,12176,26,2020
gas_line,no,no,3093,ro,10,60,0,30,12180,25,2020
gas_line,no,no,3093,ro,10,60,0,30,12177,25,2020
gas_line,no,no,3093,ro,10,60,0,30,12179,22,2020
gas_line,no,no,3093,ro,10,60,0,30,12178,13.5,2020
gas_line,no,no,3093,sm,10,60,0,30,12183,9.5,2020
gas_line,no,no,3093,sm,10,60,0,30,12181,8.75,2020
gas_line,no,no,3093,sm,10,60,0,30,12182,8.25,2020
gas_line,no,no,3094,sm,50,45,1,90,12356,9,2020
gas_line,no,no,3094,sm,50,45,1,90,12192,7,2020
gas_line,no,no,3094,ro,50,45,1,90,12354,6,2020
gas_line,no,no,3094,ro,50,45,1,90,12355,5.75,2020
gas_line,no,no,3094,ro,50,45,1,90,12199,5,2020
gas_line,no,no,3094,sm,50,45,1,90,12196,4.5,2020
gas_line,no,no,3094,ro,50,45,1,90,12198,4.25,2020
gas_line,no,no,3094,sm,50,45,1,90,12357,4,2020
gas_line,no,no,3094,ro,50,45,1,90,12200,3.75,2020
gas_line,no,no,3094,ro,50,45,1,90,12382,9,2020
gas_line,no,no,3094,sm,50,45,1,90,12383,3.5,2020
gas_line,no,no,3094,sm,50,45,1,90,12381,3.25,2020
gas_line,no,no,3095,ro,50,80,0,0,12206,37.5,2020
gas_line,no,no,3095,ro,50,80,0,0,12201,27,2020
gas_line,no,no,3095,ro,50,80,0,0,12202,22,2020
gas_line,no,no,3095,ro,50,80,0,0,12204,17.5,2020
gas_line,no,no,3095,ro,50,80,0,0,12205,16.5,2020
gas_line,no,no,3095,sm,50,80,0,0,12210,11.5,2020
gas_line,no,no,3095,ro,50,80,0,0,12203,10.5,2020
gas_line,no,no,3095,sm,50,80,0,0,12211,10.25,2020
gas_line,no,no,3095,sm,50,80,0,0,12208,9.25,2020
gas_line,no,no,3095,sm,50,80,0,0,12209,7.5,2020
gas_line,no,no,3095,sm,50,80,0,0,12207,7.5,2020
gas_line,no,no,3096,sm,70,12,0,30,12233,10.5,2020
gas_line,no,no,3096,ro,70,12,0,30,12234,10,2020
gas_line,no,no,3096,sm,70,12,0,30,12229,9.25,2020
gas_line,no,no,3096,ro,70,12,0,30,12236,8.5,2020
gas_line,no,no,3096,ro,70,12,0,30,12235,7.25,2020
gas_line,no,no,3096,ro,70,12,0,30,12238,6,2020
gas_line,no,no,3096,sm,70,12,0,30,12231,6,2020
gas_line,no,no,3096,ro,70,12,0,30,12239,5.5,2020
gas_line,no,no,3096,sm,70,12,0,30,12232,5,2020
gas_line,no,no,3096,ro,70,12,0,30,12237,4.75,2020
gas_line,no,no,3096,sm,70,12,0,30,12248,4,2020
gas_line,no,no,3096,sm,70,12,0,30,12228,2.5,2020
gas_line,no,no,3096,sm,70,12,0,30,12230,2.5,2020
gas_line,yes,yes,3101,bc,0,100,0,0,3669,42.5,2020
gas_line,yes,yes,3101,bc,0,100,0,0,3668,42,2020
gas_line,yes,yes,3101,bc,0,100,0,0,3666,41,2020
gas_line,yes,yes,3101,bc,0,100,0,0,3671,37,2020
gas_line,yes,yes,3101,sm,0,100,0,0,3660,30.75,2020
gas_line,yes,yes,3101,bc,0,100,0,0,3667,28.75,2020
gas_line,yes,yes,3101,bc,0,100,0,0,3670,28.5,2020
gas_line,yes,yes,3101,bc,0,100,0,0,3672,25.5,2020
gas_line,yes,yes,3101,sm,0,100,0,0,12311,25.25,2020
gas_line,yes,yes,3101,sm,0,100,0,0,3661,20.75,2020
gas_line,yes,yes,3101,sm,0,100,0,0,3659,20.5,2020
gas_line,yes,yes,3101,sm,0,100,0,0,3662,19,2020
gas_line,yes,yes,3101,sm,0,100,0,0,3664,19,2020
gas_line,yes,yes,3101,sm,0,100,0,0,3658,11.5,2020
gas_line,yes,yes,3102,sm,0,85,0,0,3693,37,2020
gas_line,yes,yes,3102,bc,0,85,0,0,3698,30,2020
gas_line,yes,yes,3102,bc,0,85,0,0,3696,28,2020
gas_line,yes,yes,3102,bc,0,85,0,0,3699,27.25,2020
gas_line,yes,yes,3102,bc,0,85,0,0,3700,24.25,2020
gas_line,yes,yes,3102,bc,0,85,0,0,3701,23.5,2020
gas_line,yes,yes,3102,sm,0,85,0,0,3691,23,2020
gas_line,yes,yes,3102,sm,0,85,0,0,3690,20,2020
gas_line,yes,yes,3102,bc,0,85,0,0,3697,19.5,2020
gas_line,yes,yes,3102,sm,0,85,0,0,3689,19.25,2020
gas_line,yes,yes,3102,bc,0,85,0,0,3702,15,2020
gas_line,yes,yes,3102,sm,0,85,0,0,3692,14.25,2020
gas_line,yes,yes,3102,sm,0,85,0,0,3694,10.75,2020
gas_line,yes,yes,3102,sm,0,85,0,0,3695,10.75,2020
gas_line,yes,yes,3103,bc,20,80,0,0,3729,48.5,2020
gas_line,yes,yes,3103,bc,20,80,0,0,3726,41,2020
gas_line,yes,yes,3103,bc,20,80,0,0,3732,39.5,2020
gas_line,yes,yes,3103,bc,20,80,0,0,3731,31.5,2020
gas_line,yes,yes,3103,bc,20,80,0,0,3730,30.5,2020
gas_line,yes,yes,3103,sm,20,80,0,0,3723,30,2020
gas_line,yes,yes,3103,sm,20,80,0,0,3720,24,2020
gas_line,yes,yes,3103,sm,20,80,0,0,3722,21.75,2020
gas_line,yes,yes,3103,sm,20,80,0,0,3721,18.25,2020
gas_line,yes,yes,3103,bc,20,80,0,0,3727,18,2020
gas_line,yes,yes,3103,bc,20,80,0,0,3728,15.5,2020
gas_line,yes,yes,3103,sm,20,80,0,0,3719,14.5,2020
gas_line,yes,yes,3103,sm,20,80,0,0,3725,12.5,2020
gas_line,yes,yes,3103,sm,20,80,0,0,3724,12.5,2020
gas_line,yes,yes,3104,bc,20,75,0,1,3756,46.5,2020
gas_line,yes,yes,3104,bc,20,75,0,1,3757,45.5,2020
gas_line,yes,yes,3104,bc,20,75,0,1,3754,28.25,2020
gas_line,yes,yes,3104,bc,20,75,0,1,3755,26.5,2020
gas_line,yes,yes,3104,bc,20,75,0,1,3758,25.5,2020
gas_line,yes,yes,3104,sm,20,75,0,1,3750,19,2020
gas_line,yes,yes,3104,sm,20,75,0,1,3749,17,2020
gas_line,yes,yes,3104,sm,20,75,0,1,3751,15.5,2020
gas_line,yes,yes,3104,sm,20,75,0,1,3752,15.5,2020
gas_line,yes,yes,3104,sm,20,75,0,1,3753,10.5,2020
gas_line,yes,yes,3104,sm,20,75,0,1,3748,8,2020
gas_line,yes,no,3105,bc,0,100,0,0,3686,47.5,2020
gas_line,yes,no,3105,sm,0,100,0,0,3679,46,2020
gas_line,yes,no,3105,bc,0,100,0,0,12312,44,2020
gas_line,yes,no,3105,sm,0,100,0,0,3677,43.75,2020
gas_line,yes,no,3105,bc,0,100,0,0,3687,42.5,2020
gas_line,yes,no,3105,bc,0,100,0,0,3688,40,2020
gas_line,yes,no,3105,sm,0,100,0,0,3678,37.5,2020
gas_line,yes,no,3105,bc,0,100,0,0,3685,36,2020
gas_line,yes,no,3105,bc,0,100,0,0,3682,29,2020
gas_line,yes,no,3105,sm,0,100,0,0,3673,25.25,2020
gas_line,yes,no,3105,sm,0,100,0,0,3680,25,2020
gas_line,yes,no,3105,sm,0,100,0,0,3676,22,2020
gas_line,yes,no,3105,sm,0,100,0,0,3675,17,2020
gas_line,yes,no,3105,bc,0,100,0,0,3681,15.25,2020
gas_line,yes,no,3105,sm,0,100,0,0,3674,11,2020
gas_line,yes,no,3106,bc,0,100,0,0,3715,55,2020
gas_line,yes,no,3106,bc,0,100,0,0,3710,53.5,2020
gas_line,yes,no,3106,bc,0,100,0,0,3713,51,2020
gas_line,yes,no,3106,bc,0,100,0,0,3716,49.25,2020
gas_line,yes,no,3106,bc,0,100,0,0,3711,38.5,2020
gas_line,yes,no,3106,bc,0,100,0,0,3714,37,2020
gas_line,yes,no,3106,bc,0,100,0,0,3717,36.25,2020
gas_line,yes,no,3106,bc,0,100,0,0,3712,32,2020
gas_line,yes,no,3106,sm,0,100,0,0,3708,26,2020
gas_line,yes,no,3106,bc,0,100,0,0,3718,23.25,2020
gas_line,yes,no,3106,sm,0,100,0,0,12313,23.25,2020
gas_line,yes,no,3106,sm,0,100,0,0,3707,20.5,2020
gas_line,yes,no,3106,sm,0,100,0,0,3706,19.75,2020
gas_line,yes,no,3106,sm,0,100,0,0,3709,17.75,2020
gas_line,yes,no,3106,sm,0,100,0,0,3704,12,2020
gas_line,yes,no,3106,sm,0,100,0,0,3703,9.25,2020
gas_line,yes,no,3107,bc,10,80,0,15,3744,52.25,2020
gas_line,yes,no,3107,bc,10,80,0,15,3741,50.75,2020
gas_line,yes,no,3107,bc,10,80,0,15,3743,43,2020
gas_line,yes,no,3107,bc,10,80,0,15,3745,39,2020
gas_line,yes,no,3107,bc,10,80,0,15,3746,38.5,2020
gas_line,yes,no,3107,bc,10,80,0,15,3742,37.5,2020
gas_line,yes,no,3107,bc,10,80,0,15,3747,32.5,2020
gas_line,yes,no,3107,bc,10,80,0,15,3740,26.75,2020
gas_line,yes,no,3107,sm,10,80,0,15,3735,12,2020
gas_line,yes,no,3107,sm,10,80,0,15,3734,12,2020
gas_line,yes,no,3107,sm,10,80,0,15,3739,11.75,2020
gas_line,yes,no,3107,sm,10,80,0,15,3738,11.25,2020
gas_line,yes,no,3107,sm,10,80,0,15,3737,8.75,2020
gas_line,yes,no,3107,sm,10,80,0,15,3736,7.75,2020
gas_line,yes,no,3108,bc,10,95,0,40,3766,53.5,2020
gas_line,yes,no,3108,bc,10,95,0,40,3765,38.5,2020
gas_line,yes,no,3108,sm,10,95,0,40,3763,22.75,2020
gas_line,yes,no,3108,sm,10,95,0,40,3761,18.5,2020
gas_line,yes,no,3108,sm,10,95,0,40,3760,18.25,2020
gas_line,yes,no,3108,sm,10,95,0,40,3764,13,2020
gas_line,yes,no,3108,sm,10,95,0,40,3762,12.5,2020
gas_line,yes,no,3108,sm,10,95,0,40,3759,12,2020
gas_line,yes,no,3108,bc,10,95,0,40,3767,10.5,2020
gas_line,yes,yes,3109,sm,10,75,0,0,3768,37.5,2020
gas_line,yes,yes,3109,sm,10,75,0,0,3772,30.5,2020
gas_line,yes,yes,3109,sm,10,75,0,0,3769,26.25,2020
gas_line,yes,yes,3109,sm,10,75,0,0,3773,25.5,2020
gas_line,yes,yes,3109,sm,10,75,0,0,3771,25,2020
gas_line,yes,yes,3109,sm,10,75,0,0,3770,17.5,2020
gas_line,yes,yes,3110,sm,10,100,0,0,3780,36,2020
gas_line,yes,yes,3110,sm,10,100,0,0,3785,27.5,2020
gas_line,yes,yes,3110,sm,10,100,0,0,3783,19,2020
gas_line,yes,yes,3110,sm,10,100,0,0,3781,17.25,2020
gas_line,yes,yes,3110,sm,10,100,0,0,3782,16.25,2020
gas_line,yes,yes,3110,sm,10,100,0,0,3784,9.75,2020
gas_line,yes,yes,3111,sm,0,90,0,0,3794,44.25,2020
gas_line,yes,yes,3111,sm,0,90,0,0,3795,39,2020
gas_line,yes,yes,3111,sm,0,90,0,0,3793,38,2020
gas_line,yes,yes,3111,sm,0,90,0,0,3797,34.5,2020
gas_line,yes,yes,3111,sm,0,90,0,0,3792,18.75,2020
gas_line,yes,yes,3111,sm,0,90,0,0,3796,11,2020
gas_line,yes,yes,3112,sm,10,80,1,10,3811,23.75,2020
gas_line,yes,yes,3112,sm,10,80,1,10,3806,19.5,2020
gas_line,yes,yes,3112,sm,10,80,1,10,3809,12.25,2020
gas_line,yes,yes,3112,sm,10,80,1,10,3807,12,2020
gas_line,yes,yes,3112,sm,10,80,1,10,3804,11.25,2020
gas_line,yes,yes,3112,sm,10,80,1,10,3805,10.5,2020
gas_line,yes,yes,3112,sm,10,80,1,10,3810,8.75,2020
gas_line,yes,yes,3112,sm,10,80,1,10,3808,7.75,2020
gas_line,yes,yes,3113,sm,10,75,2,5,3821,22,2020
gas_line,yes,yes,3113,sm,10,75,2,5,3820,16.5,2020
gas_line,yes,yes,3113,sm,10,75,2,5,3823,13,2020
gas_line,yes,yes,3113,sm,10,75,2,5,3825,7.75,2020
gas_line,yes,yes,3113,sm,10,75,2,5,3822,6.75,2020
gas_line,yes,yes,3113,sm,10,75,2,5,3824,6.75,2020
gas_line,yes,no,3114,sm,0,100,2,0,3774,37,2020
gas_line,yes,no,3114,sm,0,100,2,0,3775,24.25,2020
gas_line,yes,no,3114,sm,0,100,2,0,3778,21.5,2020
gas_line,yes,no,3114,sm,0,100,2,0,3777,14.25,2020
gas_line,yes,no,3114,sm,0,100,2,0,3776,12,2020
gas_line,yes,no,3114,sm,0,100,2,0,3779,11,2020
gas_line,yes,no,3115,sm,10,95,0,0,3788,32.75,2020
gas_line,yes,no,3115,sm,10,95,0,0,3791,25.75,2020
gas_line,yes,no,3115,sm,10,95,0,0,3787,21.5,2020
gas_line,yes,no,3115,sm,10,95,0,0,3790,20,2020
gas_line,yes,no,3115,sm,10,95,0,0,3786,15.75,2020
gas_line,yes,no,3115,sm,10,95,0,0,3789,13,2020
gas_line,yes,no,3116,sm,10,90,2,0,3802,33.75,2020
gas_line,yes,no,3116,sm,10,90,2,0,3799,28,2020
gas_line,yes,no,3116,sm,10,90,2,0,3801,22.75,2020
gas_line,yes,no,3116,sm,10,90,2,0,3803,21.25,2020
gas_line,yes,no,3116,sm,10,90,2,0,3800,17.25,2020
gas_line,yes,no,3116,sm,10,90,2,0,3798,13,2020
gas_line,yes,no,3117,sm,20,100,0,15,3815,17,2020
gas_line,yes,no,3117,sm,20,100,0,15,3812,14,2020
gas_line,yes,no,3117,sm,20,100,0,15,3816,12.75,2020
gas_line,yes,no,3117,sm,20,100,0,15,3818,12,2020
gas_line,yes,no,3117,sm,20,100,0,15,3814,11.25,2020
gas_line,yes,no,3117,sm,20,100,0,15,3813,10,2020
gas_line,yes,no,3117,sm,20,100,0,15,3817,10,2020
gas_line,yes,no,3117,sm,20,100,0,15,3819,7,2020
gas_line,yes,no,3118,sm,10,80,0,0,3828,22.75,2020
gas_line,yes,no,3118,sm,10,80,0,0,3827,20.75,2020
gas_line,yes,no,3118,sm,10,80,0,0,3831,16.5,2020
gas_line,yes,no,3118,sm,10,80,0,0,3830,9.5,2020
gas_line,yes,no,3118,sm,10,80,0,0,3829,9.5,2020
gas_line,yes,no,3118,sm,10,80,0,0,3826,9.25,2020
gas_line,yes,yes,3119,ro,0,70,0,0,3835,55,2020
gas_line,yes,yes,3119,ro,0,70,0,0,3833,49,2020
gas_line,yes,yes,3119,ro,0,70,0,0,3836,43,2020
gas_line,yes,yes,3119,ro,0,70,0,0,3834,41.5,2020
gas_line,yes,yes,3119,ro,0,70,0,0,3832,40.75,2020
gas_line,yes,yes,3119,ro,0,70,0,0,3837,25,2020
gas_line,yes,yes,3120,ro,0,100,0,0,3848,51.75,2020
gas_line,yes,yes,3120,ro,0,100,0,0,3849,40,2020
gas_line,yes,yes,3120,ro,0,100,0,0,3850,31.5,2020
gas_line,yes,yes,3120,ro,0,100,0,0,3846,26.25,2020
gas_line,yes,yes,3120,ro,0,100,0,0,3844,20.75,2020
gas_line,yes,yes,3120,ro,0,100,0,0,3847,12,2020
gas_line,yes,yes,3121,ro,0,50,0,0,3859,72.5,2020
gas_line,yes,yes,3121,ro,0,50,0,0,3862,55,2020
gas_line,yes,yes,3121,ro,0,50,0,0,3857,50,2020
gas_line,yes,yes,3121,ro,0,50,0,0,3861,49.5,2020
gas_line,yes,yes,3121,ro,0,50,0,0,3858,38,2020
gas_line,yes,yes,3121,ro,0,50,0,0,3860,24.75,2020
gas_line,yes,yes,3122,ro,10,30,0,1,3871,40.75,2020
gas_line,yes,yes,3122,ro,10,30,0,1,3872,29.25,2020
gas_line,yes,yes,3122,ro,10,30,0,1,3869,26.75,2020
gas_line,yes,yes,3122,ro,10,30,0,1,3873,24.75,2020
gas_line,yes,yes,3122,ro,10,30,0,1,3874,22.5,2020
gas_line,yes,yes,3122,ro,10,30,0,1,3870,17,2020
gas_line,yes,yes,3123,ro,0,100,0,0,3885,53,2020
gas_line,yes,yes,3123,ro,0,100,0,0,3886,42.5,2020
gas_line,yes,yes,3123,ro,0,100,0,0,3883,42,2020
gas_line,yes,yes,3123,ro,0,100,0,0,3881,41.5,2020
gas_line,yes,yes,3123,ro,0,100,0,0,3884,36,2020
gas_line,yes,yes,3123,ro,0,100,0,0,3882,33.25,2020
gas_line,yes,no,3124,ro,0,80,0,0,3841,68.5,2020
gas_line,yes,no,3124,ro,0,80,0,0,3838,55,2020
gas_line,yes,no,3124,ro,0,80,0,0,3843,53.5,2020
gas_line,yes,no,3124,ro,0,80,0,0,3839,40.75,2020
gas_line,yes,no,3124,ro,0,80,0,0,3840,35.5,2020
gas_line,yes,no,3124,ro,0,80,0,0,3842,27.5,2020
gas_line,yes,no,3125,ro,0,95,0,0,3855,38.5,2020
gas_line,yes,no,3125,ro,0,95,0,0,3856,34.5,2020
gas_line,yes,no,3125,ro,0,95,0,0,3852,31.25,2020
gas_line,yes,no,3125,ro,0,95,0,0,3854,27.5,2020
gas_line,yes,no,3125,ro,0,95,0,0,3851,25.25,2020
gas_line,yes,no,3125,ro,0,95,0,0,3853,23.5,2020
gas_line,yes,no,3126,ro,0,55.00000000000001,0,0,3864,49.25,2020
gas_line,yes,no,3126,ro,0,55.00000000000001,0,0,3867,40.25,2020
gas_line,yes,no,3126,ro,0,55.00000000000001,0,0,3863,38,2020
gas_line,yes,no,3126,ro,0,55.00000000000001,0,0,3865,37.5,2020
gas_line,yes,no,3126,ro,0,55.00000000000001,0,0,3868,34.5,2020
gas_line,yes,no,3126,ro,0,55.00000000000001,0,0,3866,29.5,2020
gas_line,yes,no,3127,ro,10,25,1,10,3875,39.5,2020
gas_line,yes,no,3127,ro,10,25,1,10,3878,36.75,2020
gas_line,yes,no,3127,ro,10,25,1,10,3879,36.25,2020
gas_line,yes,no,3127,ro,10,25,1,10,3877,27,2020
gas_line,yes,no,3127,ro,10,25,1,10,3876,20.75,2020
gas_line,yes,no,3127,ro,10,25,1,10,3880,19.5,2020
gas_line,yes,no,3128,ro,0,95,0,0,3892,59.5,2020
gas_line,yes,no,3128,ro,0,95,0,0,3888,57,2020
gas_line,yes,no,3128,ro,0,95,0,0,3889,49,2020
gas_line,yes,no,3128,ro,0,95,0,0,3887,47.5,2020
gas_line,yes,no,3128,ro,0,95,0,0,3891,43,2020
gas_line,yes,no,3128,ro,0,95,0,0,3890,9.25,2020
gas_line,yes,yes,3129,ro,0,100,0,0,3897,47,2020
gas_line,yes,yes,3129,ro,0,100,0,0,3894,42,2020
gas_line,yes,yes,3129,ro,0,100,0,0,3896,39.75,2020
gas_line,yes,yes,3129,ro,0,100,0,0,3893,37.75,2020
gas_line,yes,yes,3129,ro,0,100,0,0,3898,36.5,2020
gas_line,yes,yes,3129,ro,0,100,0,0,3895,22,2020
gas_line,yes,yes,3130,ro,20,35,0,20,3906,28.5,2020
gas_line,yes,yes,3130,ro,20,35,0,20,3908,24.5,2020
gas_line,yes,yes,3130,ro,20,35,0,20,3910,17,2020
gas_line,yes,yes,3130,ro,20,35,0,20,3907,16.5,2020
gas_line,yes,yes,3130,ro,20,35,0,20,3909,13.5,2020
gas_line,yes,yes,3130,ro,20,35,0,20,3905,8,2020
gas_line,yes,yes,3131,ro,20,100,0,0,3918,60,2020
gas_line,yes,yes,3131,ro,20,100,0,0,3917,54,2020
gas_line,yes,yes,3131,ro,20,100,0,0,3922,36.25,2020
gas_line,yes,yes,3131,ro,20,100,0,0,3920,36,2020
gas_line,yes,yes,3131,ro,20,100,0,0,3921,29.5,2020
gas_line,yes,yes,3131,ro,20,100,0,0,3919,25.5,2020
gas_line,yes,yes,3132,ro,20,90,0,0,3933,50.75,2020
gas_line,yes,yes,3132,ro,20,90,0,0,3929,39.5,2020
gas_line,yes,yes,3132,ro,20,90,0,0,3932,32.25,2020
gas_line,yes,yes,3132,ro,20,90,0,0,3930,21,2020
gas_line,yes,yes,3132,ro,20,90,0,0,3931,11.5,2020
gas_line,yes,yes,3133,ro,20,80,0,5,3944,30.5,2020
gas_line,yes,yes,3133,ro,20,80,0,5,3939,26.5,2020
gas_line,yes,yes,3133,ro,20,80,0,5,3942,19.75,2020
gas_line,yes,yes,3133,ro,20,80,0,5,3941,16.75,2020
gas_line,yes,yes,3133,ro,20,80,0,5,3943,15.75,2020
gas_line,yes,yes,3133,ro,20,80,0,5,3940,13,2020
gas_line,yes,no,3134,ro,0,100,0,0,3904,65.25,2020
gas_line,yes,no,3134,ro,0,100,0,0,3900,45,2020
gas_line,yes,no,3134,ro,0,100,0,0,3903,42.5,2020
gas_line,yes,no,3134,ro,0,100,0,0,3902,37,2020
gas_line,yes,no,3134,ro,0,100,0,0,3899,25.5,2020
gas_line,yes,no,3134,ro,0,100,0,0,3901,24,2020
gas_line,yes,no,3135,ro,10,65,0,20,3912,19,2020
gas_line,yes,no,3135,ro,10,65,0,20,3913,18.75,2020
gas_line,yes,no,3135,ro,10,65,0,20,3915,18,2020
gas_line,yes,no,3135,ro,10,65,0,20,3914,14.75,2020
gas_line,yes,no,3135,ro,10,65,0,20,3911,8,2020
gas_line,yes,no,3135,ro,10,65,0,20,3916,8,2020
gas_line,yes,no,3136,ro,0,100,0,0,3927,46,2020
gas_line,yes,no,3136,ro,0,100,0,0,3924,39.5,2020
gas_line,yes,no,3136,ro,0,100,0,0,3925,28,2020
gas_line,yes,no,3136,ro,0,100,0,0,3928,23.75,2020
gas_line,yes,no,3136,ro,0,100,0,0,3926,19.25,2020
gas_line,yes,no,3136,ro,0,100,0,0,3923,7.75,2020
gas_line,yes,no,3137,ro,20,40,0,30,3936,48.75,2020
gas_line,yes,no,3137,ro,20,40,0,30,3937,10.25,2020
gas_line,yes,no,3137,ro,20,40,0,30,3938,9.5,2020
gas_line,yes,no,3137,ro,20,40,0,30,3934,9.25,2020
gas_line,yes,no,3137,ro,20,40,0,30,3935,9.25,2020
gas_line,yes,no,3138,ro,20,55.00000000000001,0,30,3947,25.75,2020
gas_line,yes,no,3138,ro,20,55.00000000000001,0,30,3945,21,2020
gas_line,yes,no,3138,ro,20,55.00000000000001,0,30,3949,20,2020
gas_line,yes,no,3138,ro,20,55.00000000000001,0,30,3950,20,2020
gas_line,yes,no,3138,ro,20,55.00000000000001,0,30,3946,17,2020
gas_line,yes,no,3138,ro,20,55.00000000000001,0,30,3948,5.75,2020
gas_line,yes,yes,3139,ro,80,10,0,55.00000000000001,3954,23,2020
gas_line,yes,yes,3139,ro,80,10,0,55.00000000000001,3955,15.25,2020
gas_line,yes,yes,3139,ro,80,10,0,55.00000000000001,3953,13.5,2020
gas_line,yes,yes,3139,ro,80,10,0,55.00000000000001,3951,13.5,2020
gas_line,yes,yes,3139,ro,80,10,0,55.00000000000001,3952,8.25,2020
gas_line,yes,yes,3140,ro,10,85,0,0,3964,42,2020
gas_line,yes,yes,3140,ro,10,85,0,0,3961,41.5,2020
gas_line,yes,yes,3140,ro,10,85,0,0,3965,40.5,2020
gas_line,yes,yes,3140,ro,10,85,0,0,3962,37,2020
gas_line,yes,yes,3140,ro,10,85,0,0,3963,23,2020
gas_line,yes,yes,3141,ro,10,55.00000000000001,0,15,3973,39.5,2020
gas_line,yes,yes,3141,ro,10,55.00000000000001,0,15,3972,38,2020
gas_line,yes,yes,3141,ro,10,55.00000000000001,0,15,3971,18.5,2020
gas_line,yes,yes,3141,ro,10,55.00000000000001,0,15,3975,18.5,2020
gas_line,yes,yes,3141,ro,10,55.00000000000001,0,15,3974,15,2020
gas_line,yes,yes,3142,ro,10,55.00000000000001,0,20,3983,44.25,2020
gas_line,yes,yes,3142,ro,10,55.00000000000001,0,20,3984,35.4,2020
gas_line,yes,yes,3142,ro,10,55.00000000000001,0,20,3985,33,2020
gas_line,yes,yes,3142,ro,10,55.00000000000001,0,20,3982,28,2020
gas_line,yes,yes,3142,ro,10,55.00000000000001,0,20,3981,22,2020
gas_line,yes,yes,3143,ro,30,35,0,20,3994,31,2020
gas_line,yes,yes,3143,ro,30,35,0,20,3991,25.5,2020
gas_line,yes,yes,3143,ro,30,35,0,20,3995,23,2020
gas_line,yes,yes,3143,ro,30,35,0,20,3992,18.5,2020
gas_line,yes,yes,3143,ro,30,35,0,20,3993,10.5,2020
gas_line,yes,no,3144,ro,50,40,0,60,3958,18,2020
gas_line,yes,no,3144,ro,50,40,0,60,3956,14.5,2020
gas_line,yes,no,3144,ro,50,40,0,60,3960,14,2020
gas_line,yes,no,3144,ro,50,40,0,60,3959,13.5,2020
gas_line,yes,no,3144,ro,50,40,0,60,3957,11.25,2020
gas_line,yes,no,3145,ro,10,80,0,0,3968,60.25,2020
gas_line,yes,no,3145,ro,10,80,0,0,3969,56,2020
gas_line,yes,no,3145,ro,10,80,0,0,3966,48.5,2020
gas_line,yes,no,3145,ro,10,80,0,0,3970,41.5,2020
gas_line,yes,no,3145,ro,10,80,0,0,3967,40.5,2020
gas_line,yes,no,3146,ro,10,95,0,15,3979,34,2020
gas_line,yes,no,3146,ro,10,95,0,15,3977,34,2020
gas_line,yes,no,3146,ro,10,95,0,15,3980,30,2020
gas_line,yes,no,3146,ro,10,95,0,15,3976,16,2020
gas_line,yes,no,3146,ro,10,95,0,15,3978,15.25,2020
gas_line,yes,no,3147,ro,10,85,1,15,3989,36,2020
gas_line,yes,no,3147,ro,10,85,1,15,3987,28,2020
gas_line,yes,no,3147,ro,10,85,1,15,3990,24.5,2020
gas_line,yes,no,3147,ro,10,85,1,15,3986,24,2020
gas_line,yes,no,3147,ro,10,85,1,15,3988,17.5,2020
gas_line,yes,no,3148,ro,30,90,0,40,3997,29.5,2020
gas_line,yes,no,3148,ro,30,90,0,40,4000,26,2020
gas_line,yes,no,3148,ro,30,90,0,40,3998,18,2020
gas_line,yes,no,3148,ro,30,90,0,40,3996,10.5,2020
gas_line,yes,no,3148,ro,30,90,0,40,3999,6.5,2020
